Date,Stock A,Stock B
2010-01-01,93.74777999999999,48.10322425
2010-01-04,94.14468,49.51441371599999
2010-01-05,93.55499999999999,49.612591689999995
2010-01-06,94.88177999999999,49.612591689999995
2010-01-07,94.94982,50.56973864
2010-01-08,95.61887999999999,51.686419963999995
2010-01-11,95.23331999999999,52.33680296
2010-01-12,95.31269999999999,51.747776363999996
2010-01-13,95.00652,51.93185072
2010-01-14,94.689,52.238624986
2010-01-15,94.54158,52.312253955
2010-01-18,94.54158,52.312253955
2010-01-19,96.52608,52.582220826
2010-01-20,96.07247999999998,51.980931973
2010-01-21,93.78179999999999,49.980717199999994
2010-01-22,92.39832,48.93767129
2010-01-25,92.79521999999999,49.354887076
2010-01-26,92.56841999999999,49.04811281
2010-01-27,93.3282,49.40397477399999
2010-01-28,91.5705,48.864037165
2010-01-29,91.27565999999999,47.416036437
2010-02-01,91.21896,48.311832143
2010-02-02,91.20762,48.49590521
2010-02-03,92.42099999999999,48.115490374
2010-02-04,89.82413999999999,46.29934609
2010-02-05,89.06436,45.980299255
2010-02-08,87.91901999999999,45.244026322
2010-02-09,89.26848,46.409792765999995
2010-02-10,89.15508,46.287079966
2010-02-11,91.02617999999998,46.91291009
2010-02-12,89.79012,46.458880463999996
2010-02-15,89.79012,46.458880463999996
2010-02-16,91.25298,47.75962841
2010-02-17,90.87875999999999,47.968240169999994
2010-02-18,91.97873999999999,48.900847137999996
2010-02-19,92.44367999999999,49.354887076
2010-02-22,91.49112,49.268995849999996
2010-02-23,90.39113999999998,48.99902769
2010-02-24,90.79937999999999,49.796653156
2010-02-25,90.42515999999999,49.31807194699999
2010-02-26,90.8901,49.281261973999996
2010-03-01,91.37772,49.784379298
2010-03-02,92.00141999999998,49.919364667
2010-03-03,91.85399999999998,50.213877965
2010-03-04,91.87668,50.5329248
2010-03-05,93.48695999999998,51.42872823999999
2010-03-08,92.20554,50.913334479999996
2010-03-09,92.97665999999998,51.870498186999995
2010-03-10,92.48903999999999,51.956390702
2010-03-11,92.14883999999999,52.299981386
2010-03-12,92.28491999999999,52.68039622199999
2010-03-15,92.14883999999999,52.729478764
2010-03-16,92.60243999999999,52.803103865999994
2010-03-17,93.19212,52.65585624
2010-03-18,94.88177999999999,53.293957643999995
2010-03-19,92.94263999999998,53.772533697
2010-03-22,92.80655999999999,53.453479128
2010-03-23,93.38489999999999,54.22656719
2010-03-24,92.54574,54.582431731999996
2010-03-25,91.77462,54.41063638999999
2010-03-26,91.85399999999998,54.72968966999999
2010-03-29,92.26223999999999,55.061006496
2010-03-30,95.57351999999999,55.15918447
2010-03-31,94.76837999999998,55.551861563
2010-04-01,95.08589999999998,55.25734182
2010-04-02,95.08589999999998,55.25734182
2010-04-05,95.47146,55.772744603
2010-04-06,95.65289999999999,55.785012015999996
2010-04-07,94.87043999999999,55.527319002999995
2010-04-08,94.0653,55.821827145
2010-04-09,94.67765999999999,56.165422985
2010-04-12,94.43951999999999,56.435388567
2010-04-13,95.18795999999999,56.030436327
2010-04-14,95.69825999999999,56.852613375999994
2010-04-15,96.38999999999999,57.024406139999996
2010-04-16,94.98384,56.226778096
2010-04-19,95.1426,56.140880425
2010-04-20,96.69617999999998,56.913964619999994
2010-04-21,97.18379999999999,57.2943743
2010-04-22,97.5807,58.214720299999996
2010-04-23,98.18171999999998,58.558310984
2010-04-26,99.15695999999998,59.233228806
2010-04-27,99.75797999999999,57.6011563
2010-04-28,100.06415999999999,57.736135223999995
2010-04-29,101.30022,59.540009516999994
2010-04-30,100.55178,58.25153414
2010-05-03,101.84454,59.52773437
2010-05-04,99.42912,57.50298606
2010-05-05,98.19305999999999,56.30040062
2010-05-06,95.52815999999999,54.36155127
2010-05-07,93.70241999999999,53.40439143
2010-05-10,97.48997999999999,56.53356396299999
2010-05-11,96.43536,56.26358678
2010-05-12,98.02295999999998,57.515252184
2010-05-13,97.05905999999999,56.680812878
2010-05-14,96.02712,55.80955328699999
2010-05-17,96.02712,55.76047074499999
2010-05-18,95.27867999999998,54.876945029999995
2010-05-19,93.60036,53.82161495
2010-05-20,90.24372,51.281478035999996
2010-05-21,91.51379999999999,51.625063564
2010-05-24,90.25506,51.34282928
2010-05-25,90.11898,51.281478035999996
2010-05-26,89.77878,51.674153839999995
2010-05-27,92.34162,53.281683785999995
2010-05-28,89.93754,52.48405445299999
2010-05-31,89.93754,52.48405445299999
2010-06-01,88.53137999999998,51.41645696
2010-06-02,89.29115999999999,52.68039622199999
2010-06-03,88.83756,53.085342016999995
2010-06-04,86.29739999999998,50.39794072
2010-06-07,84.75515999999999,49.08492665
2010-06-08,84.95927999999999,49.612591689999995
2010-06-09,84.81186,49.097194063
2010-06-10,87.80562,50.63109503999999
2010-06-11,88.7922,50.704726586999996
2010-06-14,88.61076,50.9624196
2010-06-15,90.45917999999999,52.815376435
2010-06-16,91.71791999999999,52.459513181999995
2010-06-17,91.88802,52.33680296
2010-06-18,92.05812,52.668122364
2010-06-21,92.38698,52.68039622199999
2010-06-22,90.75402,51.784590204
2010-06-23,90.85607999999999,51.34282928
2010-06-24,88.65612,50.31204176
2010-06-25,89.4726,51.04831856
2010-06-28,89.56331999999999,50.55746736
2010-06-29,89.00765999999999,48.26275089
2010-06-30,89.57465999999998,47.89461249
2010-07-01,89.07569999999998,47.30559105
2010-07-02,88.07777999999999,47.281051068
2010-07-05,88.07777999999999,47.281051068
2010-07-06,88.61076,47.50193153
2010-07-07,91.30967999999999,49.31807194699999
2010-07-08,92.10347999999999,49.980717199999994
2010-07-09,93.16944,50.643370186999995
2010-07-12,93.28284,50.09116516499999
2010-07-13,94.74569999999999,51.355097982
2010-07-14,94.17869999999999,51.15875621299999
2010-07-15,94.19004,51.281478035999996
2010-07-16,91.79729999999999,49.31807194699999
2010-07-19,92.10347999999999,49.51441371599999
2010-07-20,93.20345999999999,50.55746736
2010-07-21,93.3282,50.471568399999995
2010-07-22,96.1065,52.34906908399999
2010-07-23,97.71678,53.37984887
2010-07-26,99.02087999999998,53.858426212
2010-07-27,98.43119999999999,53.293957643999995
2010-07-28,98.30645999999999,53.06080074599999
2010-07-29,97.90956,52.422698053
2010-07-30,97.00236,52.59449339499999
2010-08-02,99.12293999999999,53.662088309999994
2010-08-03,98.89613999999999,52.93808279
2010-08-04,99.79199999999999,53.96887030999999
2010-08-05,99.47447999999999,54.14066823
2010-08-06,98.98686,53.71117729699999
2010-08-09,99.82601999999999,53.858426212
2010-08-10,98.78273999999999,53.281683785999995
2010-08-11,95.36939999999998,51.30601930699999
2010-08-12,95.26733999999999,50.667916614
2010-08-13,95.26733999999999,50.704726586999996
2010-08-16,94.60961999999999,50.5329248
2010-08-17,95.35806,52.017741945999994
2010-08-18,94.81374,51.735507661999996
2010-08-19,92.77253999999999,50.029808765
2010-08-20,91.46843999999999,49.870282124999996
2010-08-23,91.94471999999999,49.281261973999996
2010-08-24,91.2303,48.275018302999996
2010-08-25,91.5705,47.63691561
2010-08-26,90.47052,47.48966025
2010-08-27,91.85399999999998,48.65543185
2010-08-30,90.3231,47.685998151999996
2010-08-31,89.07569999999998,47.931426329999994
2010-09-01,91.86534,50.164790266999994
2010-09-02,92.84058,51.551434594999996
2010-09-03,94.66632,52.54541085299999
2010-09-06,94.66632,52.54541085299999
2010-09-07,93.14675999999999,51.453273378
2010-09-08,93.8385,51.772317635
2010-09-09,94.07663999999998,51.50235592
2010-09-10,95.18795999999999,52.533143439999996
2010-09-13,96.23123999999999,53.13443100399999
2010-09-14,95.97041999999999,53.428937857
2010-09-15,95.91371999999998,53.46574783
2010-09-16,96.3333,53.662088309999994
2010-09-17,97.60337999999999,53.772533697
2010-09-20,99.12293999999999,54.373826417
2010-09-21,98.14769999999999,54.373826417
2010-09-22,98.23841999999999,53.600738355000004
2010-09-23,96.99101999999999,53.048528176999994
2010-09-24,98.61263999999998,54.557891749999996
2010-09-27,97.73946,53.79707239
2010-09-28,98.70336,54.22656719
2010-09-29,98.85077999999999,54.04249799
2010-09-30,98.32913999999998,53.91978519
2010-10-01,99.36108,54.177484648
2010-10-04,98.31779999999999,53.51483552799999
2010-10-05,100.76723999999999,55.232801838
2010-10-06,101.93525999999999,56.10406658499999
2010-10-07,100.8126,55.80955328699999
2010-10-08,101.10743999999998,56.140880425
2010-10-11,100.07549999999999,55.969085082999996
2010-10-12,99.96209999999999,55.89545611399999
2010-10-13,101.08475999999999,56.950778459999995
2010-10-14,101.00537999999999,56.65626774
2010-10-15,101.08475999999999,57.048955144999994
2010-10-18,101.67443999999999,57.674783979999994
2010-10-19,100.41569999999999,56.64399645999999
2010-10-20,101.45897999999998,56.950778459999995
2010-10-21,102.68369999999999,57.269827873
2010-10-22,102.55895999999998,57.993833392999996
2010-10-25,103.0806,58.325155375
2010-10-26,102.59297999999998,58.018374664
2010-10-27,102.47958,57.785228077999996
2010-10-28,96.46937999999999,57.797496779999996
2010-10-29,95.50547999999999,57.809768059999996
2010-11-01,95.23331999999999,57.429354513
2010-11-02,96.16319999999999,57.96929469999999
2010-11-03,96.73019999999998,58.214720299999996
2010-11-04,98.70336,60.14129837
2010-11-05,97.90956,60.472620352
2010-11-08,97.36523999999999,60.26401503699999
2010-11-09,96.73019999999998,60.153569649999994
2010-11-10,97.80749999999999,59.920419197
2010-11-11,98.091,59.282311348
2010-11-12,97.79615999999999,58.312886673
2010-11-15,97.7508,58.3987895
2010-11-16,95.52815999999999,59.441839277
2010-11-17,95.1993,59.90814405
2010-11-18,97.01369999999999,61.03710181
2010-11-19,96.40133999999999,61.08618692999999
2010-11-22,96.2766,60.926660289999994
2010-11-23,94.79106,60.86530388999999
2010-11-24,96.00443999999999,61.859274991999996
2010-11-25,96.00443999999999,61.859274991999996
2010-11-26,95.7096,61.515679152
2010-11-29,95.50547999999999,61.27025612999999
2010-11-30,95.23331999999999,61.00028410299999
2010-12-01,97.5807,62.43602773
2010-12-02,98.10234,62.81642452
2010-12-03,98.58995999999999,63.135477800000004
2010-12-06,98.52191999999998,62.79188195999999
2010-12-07,95.47146,63.11093910699999
2010-12-08,96.02712,63.03730756
2010-12-09,95.38073999999999,63.000498875999995
2010-12-10,95.61887999999999,63.78585564
2010-12-13,96.73019999999998,63.810398199999995
2010-12-14,97.34255999999999,64.46076830599999
2010-12-15,97.30854,63.24592447599999
2010-12-16,97.9776,65.54064223499999
2010-12-17,97.94358,65.025252342
2010-12-20,99.04356,64.927080813
2010-12-21,98.12501999999999,65.687896306
2010-12-22,98.34047999999999,65.92105191499999
2010-12-23,98.05698,65.565183506
2010-12-24,98.05698,65.565183506
2010-12-27,98.66933999999999,65.51610096399999
2010-12-28,98.36315999999998,65.66334859
2010-12-29,98.38584,65.405656866
2010-12-30,98.13636,64.988432057
2010-12-31,97.86419999999998,65.233861524
2011-01-03,98.41986,66.52233819
2011-01-04,98.28378,65.62653475
2011-01-05,98.28378,66.71868253699999
2011-01-06,97.68275999999999,66.70640739
2011-01-07,97.78482,66.63277971
2011-01-10,98.82809999999999,66.141934955
2011-01-11,99.49715999999998,66.26464130999999
2011-01-12,100.54043999999999,67.14817346999999
2011-01-13,99.83736,66.98864683
2011-01-14,99.90539999999999,67.51631187
2011-01-17,99.90539999999999,67.51631187
2011-01-18,99.95075999999999,67.19725858999999
2011-01-19,99.74663999999999,66.68186483
2011-01-20,99.83736,66.97637941699999
2011-01-21,101.25486,66.86593403
2011-01-24,102.42287999999998,67.94580667
2011-01-25,100.359,67.95807795
2011-01-26,101.57237999999998,68.436654003
2011-01-27,101.14146,68.620721914
2011-01-28,99.15695999999998,67.88444382499999
2011-01-31,99.70128,68.73116085599999
2011-02-01,99.55386,69.87238474
2011-02-02,99.5085,70.449137478
2011-02-03,99.7353,70.154620313
2011-02-04,100.12086,70.093263913
2011-02-07,100.68786,70.10553906
2011-02-08,101.45897999999998,70.424596207
2011-02-09,102.94452,70.36323594
2011-02-10,102.58163999999998,70.52276257999999
2011-02-11,104.10119999999999,71.148591415
2011-02-14,104.21459999999999,70.68228406399999
2011-02-15,104.32799999999999,70.40004977999999
2011-02-16,104.70221999999998,70.19143801999999
2011-02-17,105.15581999999999,70.38778236699999
2011-02-18,105.41663999999999,71.160865273
2011-02-21,105.41663999999999,71.160865273
2011-02-22,104.32799999999999,69.001127727
2011-02-23,102.35484,68.277127363
2011-02-24,102.09401999999999,69.30790585999999
2011-02-25,102.34349999999999,70.28960826
2011-02-28,104.58882,71.0626989
2011-03-01,102.58163999999998,69.271098465
2011-03-02,103.55687999999998,68.16668971
2011-03-03,105.24654,70.30187953999999
2011-03-04,104.54345999999998,69.34472227799999
2011-03-07,104.7816,68.95204389599999
2011-03-08,106.31249999999999,70.31414695299999
2011-03-09,105.65477999999999,69.59014529999999
2011-03-10,102.07133999999999,68.46119527399999
2011-03-11,103.88573999999998,69.05021542499999
2011-03-14,103.21667999999998,68.73116085599999
2011-03-15,101.493,68.15441842999999
2011-03-16,99.28169999999999,66.66959355
2011-03-17,100.57445999999999,67.749463612
2011-03-18,100.90332,68.547092945
2011-03-21,103.1373,69.995103985
2011-03-22,102.85379999999999,69.381542563
2011-03-23,104.48675999999999,70.06872522
2011-03-24,104.98571999999999,70.841810704
2011-03-25,104.63417999999999,70.424596207
2011-03-28,104.46408,71.56581622399999
2011-03-29,105.28056,73.136529752
2011-03-30,104.86097999999998,73.12426105
2011-03-31,106.029,73.271520277
2011-04-01,105.60941999999999,72.71930881
2011-04-04,106.18776,72.682500126
2011-04-05,105.90426,72.46161708599999
2011-04-06,106.39187999999999,72.216192775
2011-04-07,105.67745999999998,71.77442669499999
2011-04-08,105.71148,71.541274953
2011-04-11,106.36919999999999,71.492187255
2011-04-12,104.74758,70.59639025999999
2011-04-13,105.30323999999999,70.3264221
2011-04-14,105.39395999999999,70.559572553
2011-04-15,105.25787999999999,70.866353264
2011-04-18,103.70429999999999,70.0809965
2011-04-19,104.16923999999999,70.5104913
2011-04-20,106.32383999999999,72.08121256199999
2011-04-21,106.50528,74.51091569
2011-04-22,106.50528,74.51091569
2011-04-25,106.73208,74.02006191199999
2011-04-26,108.79596,76.08162664
2011-04-27,109.39697999999999,75.41897752
2011-04-28,110.25882,74.866775076
2011-04-29,110.23613999999998,75.136745814
2011-05-02,109.90727999999999,75.517150338
2011-05-03,109.80521999999999,75.836204907
2011-05-04,109.09079999999999,74.02006191199999
2011-05-05,107.63927999999999,73.81145272999998
2011-05-06,108.41039999999998,74.793149974
2011-05-09,108.85265999999999,75.61532186699999
2011-05-10,108.53513999999998,75.78711591999999
2011-05-11,108.31967999999999,75.19809448
2011-05-12,109.6011,74.682711032
2011-05-13,108.87534,74.25321365399999
2011-05-16,108.25163999999998,73.774632445
2011-05-17,106.43723999999999,72.37571297
2011-05-18,106.52796,73.075178508
2011-05-19,107.40113999999998,73.00154825
2011-05-20,106.09703999999999,72.38798811699999
2011-05-23,104.88365999999998,71.762152837
2011-05-24,104.29397999999999,71.47991339699999
2011-05-25,105.11045999999999,72.24073404599999
2011-05-26,105.25787999999999,71.78669410799999
2011-05-27,105.99497999999998,72.63340984999999
2011-05-30,105.99497999999998,72.63340984999999
2011-05-31,107.02691999999999,73.075178508
2011-06-01,103.69295999999999,70.59639025999999
2011-06-02,103.71563999999998,71.11178402
2011-06-03,102.85379999999999,70.252791842
2011-06-06,102.76308,70.49822001999999
2011-06-07,103.02389999999998,69.761947087
2011-06-08,103.09193999999998,68.804791114
2011-06-09,104.28263999999999,69.283365878
2011-06-10,102.88781999999999,68.14214715
2011-06-13,103.53419999999998,68.36302503399999
2011-06-14,104.99705999999999,70.17916674
2011-06-15,103.22801999999999,68.780248554
2011-06-16,103.85171999999999,69.14837922
2011-06-17,104.07852,68.53481908699999
2011-06-20,104.96303999999999,69.24655719399999
2011-06-21,105.94962,70.9399861
2011-06-22,105.23519999999999,69.9582837
2011-06-23,104.71356,69.33244841999999
2011-06-24,103.06925999999999,69.14837922
2011-06-27,104.61149999999999,69.68831553999999
2011-06-28,105.48467999999998,71.639446482
2011-06-29,105.58673999999999,71.93394689
2011-06-30,107.55989999999998,73.12426105
2011-07-01,109.62378,73.86053784999999
2011-07-04,109.62378,73.86053784999999
2011-07-05,109.02275999999999,72.96473441
2011-07-06,110.27015999999999,73.246979006
2011-07-07,111.09797999999999,74.167315983
2011-07-08,110.70107999999999,73.062909806
2011-07-11,109.49904,71.5535501
2011-07-12,108.72791999999998,70.28960826
2011-07-13,109.07945999999998,70.67001794
2011-07-14,107.70732,69.9582837
2011-07-15,108.26297999999998,70.252791842
2011-07-18,107.27639999999998,69.418352536
2011-07-19,106.90217999999999,70.47367745999999
2011-07-20,106.8795,70.36323594
2011-07-21,108.68256,71.430830855
2011-07-22,108.16091999999999,69.20974851
2011-07-25,107.80937999999998,69.08702282
2011-07-26,101.98062,67.908985096
2011-07-27,99.88271999999999,65.60199218999999
2011-07-28,99.30437999999998,65.037519755
2011-07-29,98.81675999999999,65.160232555
2011-08-01,98.39717999999999,65.111150013
2011-08-02,96.69617999999998,62.828699667
2011-08-03,97.72812,63.30727572
2011-08-04,93.24882,59.748614831999994
2011-08-05,93.8385,58.877365553
2011-08-08,89.12106,54.34928514599999
2011-08-09,93.77045999999999,57.380273259999996
2011-08-10,88.71282,53.036259474999994
2011-08-11,92.10347999999999,54.76650350999999
2011-08-12,93.60036,57.527526042
2011-08-15,94.47354,57.95702342
2011-08-16,93.13541999999998,56.484469819999994
2011-08-17,91.77462,56.435388567
2011-08-18,87.79428,52.471780595
2011-08-19,87.17058,51.772317635
2011-08-22,87.26129999999999,51.46554208
2011-08-23,90.34577999999999,54.189758506
2011-08-24,91.04886,54.99965783
2011-08-25,88.66745999999999,54.889212443
2011-08-26,90.73134,55.80955328699999
2011-08-29,93.10139999999998,57.674783979999994
2011-08-30,93.06737999999999,58.030647232999996
2011-08-31,94.09931999999999,58.668751215
2011-09-01,92.54574,57.527526042
2011-09-02,89.98289999999999,55.772744603
2011-09-05,89.98289999999999,55.772744603
2011-09-06,88.54271999999999,55.281889536
2011-09-07,91.36637999999998,57.711593953
2011-09-08,89.88083999999999,56.361763465
2011-09-09,86.9211,54.876945029999995
2011-09-12,88.70147999999999,54.165210789999996
2011-09-13,88.23653999999999,54.69287583
2011-09-14,90.08496,55.723656905
2011-09-15,91.43441999999999,57.23301789999999
2011-09-16,91.32101999999999,57.83431061999999
2011-09-19,89.82413999999999,58.067464939999994
2011-09-20,89.82413999999999,57.368001979999995
2011-09-21,86.56956,55.061006496
2011-09-22,82.6686,51.50235592
2011-09-23,83.90465999999999,52.066834799999995
2011-09-26,85.26545999999999,53.74799113699999
2011-09-27,86.50152,55.392333633999996
2011-09-28,83.46239999999999,54.32473742999999
2011-09-29,84.51701999999999,55.220534425
2011-09-30,81.40986,53.882977794999995
2011-10-03,80.43462,51.93185072
2011-10-04,81.65934,53.57619708399999
2011-10-05,82.24901999999999,54.447446363000005
2011-10-06,84.6531,55.294168549999995
2011-10-07,83.71187999999998,55.821827145
2011-10-10,87.00048,57.871120593
2011-10-11,86.66028,58.128813606
2011-10-12,88.86023999999999,59.50319954399999
2011-10-13,88.22519999999999,58.76692789999999
2011-10-14,89.46126,60.681239846
2011-10-17,86.04791999999999,58.533769713
2011-10-18,88.86023999999999,60.533985775
2011-10-19,88.11179999999999,59.90814405
2011-10-20,89.22312,59.466385704
2011-10-21,91.26432,62.926869907
2011-10-24,93.19212,63.528162627
2011-10-25,87.36336,62.227410813999995
2011-10-26,87.34067999999999,63.074129133999996
2011-10-27,92.31893999999998,66.350545426
2011-10-28,91.85399999999998,66.11739368399999
2011-10-31,89.60867999999999,64.30124939999999
2011-11-01,86.78501999999999,62.828699667
2011-11-02,88.52004,64.36260322199999
2011-11-03,90.31175999999999,66.19101363
2011-11-04,89.9262,66.20328491
2011-11-07,90.36845999999998,66.21555618999999
2011-11-08,92.79521999999999,67.062277088
2011-11-09,89.586,64.828910573
2011-11-10,91.08287999999999,65.72471788
2011-11-11,93.31686,67.23407243
2011-11-14,92.84058,67.13590219
2011-11-15,92.84058,67.22180115
2011-11-16,92.84058,65.393388164
2011-11-17,91.20762,64.546671133
2011-11-18,91.33236,64.73074419999999
2011-11-21,88.89425999999999,62.951411177999994
2011-11-22,88.25921999999998,62.53418507999999
2011-11-23,85.66235999999999,60.36217625399999
2011-11-24,85.66235999999999,60.36217625399999
2011-11-25,86.33141999999998,60.30082501
2011-11-28,88.13448,63.393177257999994
2011-11-29,87.59015999999998,63.270465747
2011-11-30,91.89936,66.448715666
2011-12-01,91.0602,66.47325307
2011-12-02,90.44784,66.424174395
2011-12-05,91.77462,67.123633488
2011-12-06,93.13541999999998,67.00091811
2011-12-07,93.43025999999999,66.19101363
2011-12-08,91.24163999999999,64.87799955999999
2011-12-09,93.2148,66.26464130999999
2011-12-12,91.38906,64.902539542
2011-12-13,90.05093999999998,64.19080788
2011-12-14,89.03034,63.2581906
2011-12-15,89.42724,64.31352068
2011-12-16,89.43858,65.160232555
2011-12-19,88.24787999999998,64.16626532
2011-12-20,91.07154,66.70640739
2011-12-21,90.72,66.49779563
2011-12-22,91.81997999999999,67.05000322999999
2011-12-23,93.2148,67.46722417199999
2011-12-26,93.2148,67.46722417199999
2011-12-27,93.30551999999999,67.430409043
2011-12-28,92.0241,66.24009875
2011-12-29,93.11273999999999,67.23407243
2011-12-30,92.68182,66.694130954
2012-01-02,92.68182,66.694130954
2012-01-03,94.67765999999999,68.20350355
2012-01-04,95.46012,68.14214715
2012-01-05,95.02919999999999,68.215770963
2012-01-06,94.54158,67.712648483
2012-01-09,95.10858,68.277127363
2012-01-10,95.59619999999998,69.430625105
2012-01-11,94.99517999999999,69.283365878
2012-01-12,95.57351999999999,70.17916674
2012-01-13,94.80239999999999,69.577879176
2012-01-16,94.80239999999999,69.577879176
2012-01-17,95.51682,70.14235289999999
2012-01-18,96.46937999999999,71.40628958399999
2012-01-19,97.29719999999999,71.78669410799999
2012-01-20,97.1271,70.41232106
2012-01-23,97.08174,70.70682533499999
2012-01-24,97.44462,70.71909919299999
2012-01-25,98.06832,71.295845486
2012-01-26,99.31571999999998,70.96452866
2012-01-27,99.17963999999998,71.50446498
2012-01-30,99.04356,71.39402346
2012-01-31,98.32913999999998,71.22222554
2012-02-01,99.05489999999999,72.326631717
2012-02-02,99.14562,72.43707581499999
2012-02-03,99.48581999999999,74.53545824999999
2012-02-06,99.29303999999999,74.00779320999999
2012-02-07,99.66725999999998,73.82372400999999
2012-02-08,99.75797999999999,73.46785689
2012-02-09,99.81467999999998,73.49239945
2012-02-10,98.81675999999999,72.805212926
2012-02-13,99.82601999999999,73.799173716
2012-02-14,99.78065999999998,73.43104691699999
2012-02-15,98.66933999999999,72.40025553
2012-02-16,99.3951,72.97700569
2012-02-17,99.29303999999999,73.75009117399999
2012-02-20,99.29303999999999,73.75009117399999
2012-02-21,99.33839999999998,73.49239945
2012-02-22,99.51984,73.02609081
2012-02-23,99.6786,72.40025553
2012-02-24,100.0188,72.731582668
2012-02-27,99.87137999999999,73.259251575
2012-02-28,99.53117999999999,73.32060153
2012-02-29,99.33839999999998,73.09971849
2012-03-01,99.21365999999999,73.774632445
2012-03-02,99.24767999999999,73.32060153
2012-03-05,98.72604,72.52296833
2012-03-06,96.3333,70.89090098
2012-03-07,96.92298,70.854084562
2012-03-08,98.32913999999998,73.00154825
2012-03-09,98.43119999999999,73.35741537
2012-03-12,99.27036,72.71930881
2012-03-13,100.64249999999998,74.081418312
2012-03-14,100.77857999999999,74.265486223
2012-03-15,102.05999999999999,74.670438463
2012-03-16,101.56103999999999,74.081418312
2012-03-19,101.76515999999998,74.191857254
2012-03-20,101.32289999999999,72.98927696999999
2012-03-21,100.82394,72.97700569
2012-03-22,100.43837999999998,73.32060153
2012-03-23,100.31363999999998,73.82372400999999
2012-03-26,101.06208,75.81165847999999
2012-03-27,101.08475999999999,75.22264348499999
2012-03-28,100.30229999999999,74.547725663
2012-03-29,100.66517999999999,74.48637312999999
2012-03-30,101.16413999999999,74.91586277399999
2012-04-02,101.18682,75.001760445
2012-04-03,100.68786,74.40047417
2012-04-04,99.61055999999999,73.81145272999998
2012-04-05,98.96417999999998,73.00154825
2012-04-06,98.96417999999998,73.00154825
2012-04-09,97.89822,71.03815634
2012-04-10,95.91371999999998,69.430625105
2012-04-11,96.78689999999999,70.044186527
2012-04-12,98.49923999999999,72.142567673
2012-04-13,97.17245999999999,71.259035513
2012-04-16,97.9776,71.173133975
2012-04-17,99.16829999999999,72.314363015
2012-04-18,98.80541999999998,72.068933548
2012-04-19,98.43119999999999,71.173133975
2012-04-20,99.20232,72.87883545
2012-04-23,98.80541999999998,72.645684997
2012-04-24,100.34765999999999,73.54148457
2012-04-25,100.69919999999999,74.216398525
2012-04-26,101.28887999999998,74.854506374
2012-04-27,101.33424,75.21036962699999
2012-04-30,101.33424,74.437281565
2012-05-01,101.60639999999998,74.768608703
2012-05-02,101.51567999999999,74.41274029399999
2012-05-03,101.36825999999999,74.204129823
2012-05-04,100.55178,72.780670366
2012-05-07,99.80333999999999,73.03836208999999
2012-05-08,99.29303999999999,72.85429289
2012-05-09,98.96417999999998,71.627172624
2012-05-10,98.80541999999998,71.87259693499999
2012-05-11,98.35181999999999,71.848055664
2012-05-14,97.33121999999999,71.357207042
2012-05-15,97.27452,70.535029993
2012-05-16,96.78689999999999,70.11781034
2012-05-17,95.64156,68.080785594
2012-05-18,94.70034,67.77400488299999
2012-05-21,95.77763999999999,69.982830127
2012-05-22,95.40341999999998,70.28960826
2012-05-23,96.16319999999999,70.70682533499999
2012-05-24,96.36731999999999,70.27733698
2012-05-25,96.14052,69.63923041999999
2012-05-28,96.14052,69.63923041999999
2012-05-29,97.21781999999999,70.19143801999999
2012-05-30,95.7663,68.96431775399999
2012-05-31,95.72093999999998,68.301668634
2012-06-01,93.95189999999998,66.19101363
2012-06-04,93.69108,65.28295179999999
2012-06-05,93.56634,65.393388164
2012-06-06,95.97041999999999,67.07454579
2012-06-07,96.957,67.94580667
2012-06-08,97.52399999999999,68.706619585
2012-06-11,96.59412,67.65129594999999
2012-06-12,98.35181999999999,68.780248554
2012-06-13,97.67141999999998,67.63902467
2012-06-14,98.49923999999999,67.76173746999999
2012-06-15,99.15695999999998,68.76798243
2012-06-18,99.00953999999999,68.57163937199999
2012-06-19,99.58787999999998,69.430625105
2012-06-20,99.27036,69.381542563
2012-06-21,98.35181999999999,68.019429194
2012-06-22,98.46521999999999,68.117599434
2012-06-25,97.35389999999998,65.92105191499999
2012-06-26,97.72812,65.356574324
2012-06-27,98.83943999999998,66.26464130999999
2012-06-28,98.83943999999998,64.939349515
2012-06-29,101.60639999999998,68.522546518
2012-07-02,101.24351999999999,67.68810721199999
2012-07-03,101.71979999999999,68.215770963
2012-07-04,101.71979999999999,68.215770963
2012-07-05,101.57237999999998,68.82933238499999
2012-07-06,100.91465999999998,67.35678523
2012-07-09,100.88063999999999,67.749463612
2012-07-10,100.07549999999999,65.908779346
2012-07-11,99.62189999999998,65.896510644
2012-07-12,97.98893999999999,65.773793977
2012-07-13,99.32705999999999,66.97637941699999
2012-07-16,99.90539999999999,66.853657594
2012-07-17,100.90332,66.927296875
2012-07-18,103.04657999999999,71.39402346
2012-07-19,103.00121999999999,71.11178402
2012-07-20,102.04865999999998,70.854084562
2012-07-23,101.33424,70.48594874
2012-07-24,100.06415999999999,69.55333146
2012-07-25,100.64249999999998,69.70058682
2012-07-26,102.72905999999999,70.854084562
2012-07-27,103.99913999999998,72.41252680999999
2012-07-30,103.51151999999999,71.651713895
2012-07-31,103.45482,71.23449681999999
2012-08-01,103.4208,71.173133975
2012-08-02,102.15071999999999,70.33869338
2012-08-03,103.9878,72.289821744
2012-08-06,103.65893999999999,71.95848944999999
2012-08-07,103.9878,71.87259693499999
2012-08-08,103.90841999999999,72.314363015
2012-08-09,103.86305999999999,72.363446846
2012-08-10,104.65686,72.41252680999999
2012-08-13,104.7816,72.04439227699999
2012-08-14,104.66819999999998,71.700801593
2012-08-15,104.94036,71.749885424
2012-08-16,106.30115999999998,72.105748677
2012-08-17,106.86815999999999,73.01381953
2012-08-20,106.47125999999999,73.01381953
2012-08-21,105.70013999999998,72.53523960999999
2012-08-22,105.09912,72.25300661499999
2012-08-23,104.30532,71.762152837
2012-08-24,105.26921999999999,71.6149065
2012-08-27,104.99705999999999,71.651713895
2012-08-28,104.66819999999998,71.86032952199999
2012-08-29,104.81562,72.068933548
2012-08-30,104.05584,71.30811934399999
2012-08-31,105.00839999999998,71.725342864
2012-09-03,105.00839999999998,71.725342864
2012-09-04,103.96512,70.58412284699999
2012-09-05,104.04449999999999,70.40004977999999
2012-09-06,105.77951999999999,72.424801957
2012-09-07,105.25787999999999,73.50467072999999
2012-09-10,102.81978,73.087451077
2012-09-11,103.38677999999999,73.369690517
2012-09-12,102.97854,73.75009117399999
2012-09-13,104.39604,75.001760445
2012-09-14,106.57332,74.879047645
2012-09-17,106.34652,75.738038534
2012-09-18,105.94962,75.333082427
2012-09-19,106.17641999999998,75.19809448
2012-09-20,106.11971999999999,74.302301352
2012-09-21,105.70013999999998,74.265486223
2012-09-24,106.28981999999999,73.786905014
2012-09-25,105.26921999999999,72.780670366
2012-09-26,104.99705999999999,72.94019184999999
2012-09-27,105.25787999999999,73.92189425
2012-09-28,104.80427999999999,73.32060153
2012-10-01,105.79086,74.60908206299999
2012-10-02,106.07436,75.40671139599999
2012-10-03,106.34652,74.805418676
2012-10-04,107.08362,75.18582835599999
2012-10-05,107.68463999999999,75.38217012499999
2012-10-08,108.14958,75.19809448
2012-10-09,106.52796,74.46183057
2012-10-10,105.77951999999999,73.92189425
2012-10-11,105.26921999999999,73.98325065
2012-10-12,105.17849999999999,73.872812997
2012-10-15,105.22386,74.670438463
2012-10-16,106.85682,75.49260906699999
2012-10-17,107.51454,75.94664256
2012-10-18,107.43515999999998,75.369896267
2012-10-19,105.39395999999999,76.68291936
2012-10-22,104.92902,76.425219902
2012-10-23,100.61981999999999,75.529424196
2012-10-24,100.23425999999999,74.879047645
2012-10-25,99.57654,75.38217012499999
2012-10-26,99.82601999999999,75.45579393799999
2012-10-29,99.82601999999999,75.45579393799999
2012-10-30,99.82601999999999,75.45579393799999
2012-10-31,99.33839999999998,75.149018383
2012-11-01,101.20949999999999,76.85471727999999
2012-11-02,100.89197999999999,76.60929168
2012-11-05,101.60639999999998,77.063322595
2012-11-06,103.03523999999999,77.959127324
2012-11-07,101.35691999999999,76.228882
2012-11-08,100.41569999999999,75.22264348499999
2012-11-09,100.71054,74.645895903
2012-11-12,101.13012,75.39443882699999
2012-11-13,101.01671999999999,75.149018383
2012-11-14,99.00953999999999,73.578295832
2012-11-15,99.81467999999998,72.805212926
2012-11-16,100.359,72.58432988599999
2012-11-19,101.57237999999998,74.167315983
2012-11-20,100.94867999999998,74.375925165
2012-11-21,100.85795999999999,74.351383894
2012-11-22,100.85795999999999,74.351383894
2012-11-23,102.37751999999999,75.173555787
2012-11-26,102.16206,74.437281565
2012-11-27,102.41153999999999,74.388199023
2012-11-28,103.11462,75.149018383
2012-11-29,102.7971,75.27173118299999
2012-11-30,103.1373,75.259457325
2012-12-03,102.40019999999998,74.351383894
2012-12-04,102.19608,74.265486223
2012-12-05,102.92184,75.553970623
2012-12-06,103.1373,75.49260906699999
2012-12-07,103.77234,76.04481279999999
2012-12-10,104.18057999999999,75.909833876
2012-12-11,106.23312,75.65213570699999
2012-12-12,105.59808,74.97721788499999
2012-12-13,104.895,75.762579805
2012-12-14,104.64551999999999,75.529424196
2012-12-17,105.49601999999999,76.56020656
2012-12-18,106.42589999999998,78.48679107499999
2012-12-19,105.48467999999998,78.25363546599999
2012-12-20,106.74341999999999,78.89173687
2012-12-21,105.57539999999999,78.79357178599999
2012-12-24,105.67745999999998,78.13092266599999
2012-12-25,105.67745999999998,78.13092266599999
2012-12-26,105.54137999999999,78.302718008
2012-12-27,105.05376,78.21682549299999
2012-12-28,104.07852,77.210575377
2012-12-31,105.29189999999998,77.88550479999999
2013-01-01,105.29189999999998,77.88550479999999
2013-01-02,107.48052,79.456211883
2013-01-03,107.35578,79.763001617
2013-01-04,108.14958,81.395080568
2013-01-07,108.28565999999998,81.43187894
2013-01-08,108.297,80.67107247
2013-01-09,109.32893999999999,81.65277486999999
2013-01-10,109.87325999999999,81.505510487
2013-01-11,109.18151999999999,81.37052898499999
2013-01-14,110.08872,81.922739163
2013-01-15,110.32686,82.0699855
2013-01-16,110.67839999999998,81.885920167
2013-01-17,111.22271999999998,82.59765698499999
2013-01-18,111.97115999999998,83.211208095
2013-01-21,111.97115999999998,83.211208095
2013-01-22,112.64021999999999,83.93520717
2013-01-23,112.82165999999998,83.77568697499999
2013-01-24,113.02578,83.73887957999999
2013-01-25,114.06906,83.849326256
2013-01-28,114.13709999999999,84.57332662
2013-01-29,115.45254,84.78193193499999
2013-01-30,114.30719999999998,84.26653173
2013-01-31,114.02369999999999,83.73887957999999
2013-02-01,115.16904,84.85556090399999
2013-02-04,114.27317999999998,84.13156054
2013-02-05,115.08965999999998,85.75135661
2013-02-06,116.45045999999999,85.80044172999999
2013-02-07,115.91747999999998,86.35265448599999
2013-02-08,116.41643999999998,86.54897691999999
2013-02-11,116.37107999999999,86.00905348999999
2013-02-12,117.32363999999998,86.41400057399999
2013-02-13,116.64323999999999,86.11949500999998
2013-02-14,116.55251999999999,86.00905348999999
2013-02-15,117.06281999999999,86.03359605
2013-02-18,117.06281999999999,86.03359605
2013-02-19,118.14012,87.03984101
2013-02-20,116.9721,86.32810677
2013-02-21,116.48447999999999,85.65318637
2013-02-22,117.41436,85.76364078
2013-02-25,115.38449999999999,84.61014046
2013-02-26,116.01953999999999,84.81873932999999
2013-02-27,117.44837999999999,86.32810677
2013-02-28,117.93599999999999,86.021317036
2013-03-01,117.67517999999998,85.95998126
2013-03-04,117.11952,85.53047357
2013-03-05,118.4463,86.73306416599999
2013-03-06,118.68443999999998,87.45705163999999
2013-03-07,118.54836,88.56146684000001
2013-03-08,119.87513999999999,90.43895979
2013-03-11,119.98853999999999,90.63530027
2013-03-12,119.21741999999999,90.303983444
2013-03-13,119.17205999999999,90.74574952399999
2013-03-14,120.22667999999999,90.57394387
2013-03-15,120.6576,90.14446195999999
2013-03-18,119.53493999999999,90.672127
2013-03-19,119.27412,90.84391203
2013-03-20,119.81843999999998,91.666081345
2013-03-21,119.00195999999998,91.53111659999999
2013-03-22,120.68028,92.26738051
2013-03-25,119.26277999999999,91.86242827
2013-03-26,120.28337999999998,92.623252786
2013-03-27,119.39886,92.24283795
2013-03-28,120.55554,92.46372099
2013-03-29,120.55554,92.46372099
2013-04-01,119.80709999999999,91.21205042999999
2013-04-02,120.79367999999998,91.06480795999998
2013-04-03,119.84112,89.98493532
2013-04-04,119.99987999999998,90.50032908
2013-04-05,119.95451999999999,89.555446965
2013-04-08,119.92049999999999,90.25490347999998
2013-04-09,120.14729999999999,90.24263219999999
2013-04-10,122.12045999999998,91.310228404
2013-04-11,122.75549999999998,91.666081345
2013-04-12,122.10911999999999,91.113886635
2013-04-15,119.93184,88.59828068
2013-04-16,120.3741,89.800860964
2013-04-17,119.61431999999999,88.21788389
2013-04-18,119.04732,87.70247724
2013-04-19,119.87513999999999,91.02798122999998
2013-04-22,119.97719999999998,91.53111659999999
2013-04-23,121.78025999999998,91.739720626
2013-04-24,122.32458,91.82561443
2013-04-25,118.93391999999999,91.45747603
2013-04-26,117.69785999999999,90.68439312399998
2013-04-29,117.74322,90.56168548000001
2013-04-30,118.74113999999999,90.24263219999999
2013-05-01,118.55969999999999,89.00323292
2013-05-02,120.24936,90.77029724
2013-05-03,122.27921999999998,92.3287498
2013-05-06,122.29056,93.35952443
2013-05-07,122.48334,94.36576939
2013-05-08,122.69879999999999,95.07749074
2013-05-09,124.64927999999999,95.44562914
2013-05-10,125.28432,95.39654402
2013-05-13,125.30699999999999,95.54381226999999
2013-05-14,125.40906,97.139060624
2013-05-15,126.44099999999999,98.03486921999999
2013-05-16,125.95337999999998,96.61140074
2013-05-17,126.31625999999999,99.09018640999999
2013-05-20,126.69048,98.82021824999998
2013-05-21,127.01934,98.35390961
2013-05-22,125.63586,97.66671792999999
2013-05-23,125.20493999999998,97.23722313
2013-05-24,125.04617999999998,97.29859241999999
2013-05-27,125.04617999999998,97.29859241999999
2013-05-28,126.54306,97.88760097
2013-05-29,126.02141999999998,96.6972997
2013-05-30,126.35027999999998,97.48264873
2013-05-31,125.04617999999998,96.28006329
2013-06-03,125.43173999999999,96.758650944
2013-06-04,124.76267999999999,95.39654402
2013-06-05,123.14106,94.1203309
2013-06-06,123.23177999999999,95.29837377999999
2013-06-07,125.99873999999998,97.04089554
2013-06-10,125.65853999999999,96.55003144999999
2013-06-11,124.98947999999999,95.91193777999999
2013-06-12,123.64001999999999,94.881156705
2013-06-13,126.10079999999999,96.09600698
2013-06-14,125.90802,95.93648033999999
2013-06-17,126.90593999999999,97.81397329
2013-06-18,128.10798,99.21289921
2013-06-19,126.52037999999997,97.77715945
2013-06-20,123.35651999999999,95.31064506
2013-06-21,124.27506,96.0223793
2013-06-24,121.90499999999999,94.05898739
2013-06-25,122.74415999999998,95.28611538999999
2013-06-26,124.37711999999999,97.86305841
2013-06-27,125.01215999999998,98.41526600999998
2013-06-28,124.00289999999998,97.35993592999999
2013-07-01,123.95754,98.56252137
2013-07-02,123.29982,95.568347096
2013-07-03,124.1163,96.34143257999999
2013-07-04,124.1163,96.34143257999999
2013-07-05,126.48635999999999,98.24346809
2013-07-08,127.15541999999998,98.99201616999999
2013-07-09,128.53889999999998,99.87554832999999
2013-07-10,128.62962,99.654671735
2013-07-11,129.87702,101.32354647999999
2013-07-12,130.56876,101.078126036
2013-07-15,130.23989999999998,100.99223480999999
2013-07-16,129.66155999999998,100.66089735999999
2013-07-17,130.00176,101.16401984000001
2013-07-18,130.95432,101.81439768
2013-07-19,131.75946,102.55067447999998
2013-07-22,131.86151999999998,101.900301796
2013-07-23,132.3945,102.18253608
2013-07-24,131.91822,101.86348279999999
2013-07-25,132.1677,101.66714231999998
2013-07-26,132.57593999999997,101.70395615999999
2013-07-29,132.23574,101.55670079999999
2013-07-30,132.49656,101.85121151999999
2013-07-31,133.16562,101.82666895999999
2013-08-01,134.27694,103.7655312
2013-08-02,134.10684,103.912781404
2013-08-05,133.72127999999998,103.72871735999999
2013-08-06,133.24499999999998,103.27468
2013-08-07,133.61921999999998,102.648839564
2013-08-08,134.58312,102.477053245
2013-08-09,134.16353999999998,102.24389247999999
2013-08-12,134.24291999999997,102.37887656
2013-08-13,134.57178,102.69792984
2013-08-14,133.38108,102.28070632
2013-08-15,131.3739,100.63635995599999
2013-08-16,131.4306,100.575003556
2013-08-19,131.10173999999998,99.96143439999999
2013-08-20,130.88628,100.28050056999999
2013-08-21,128.61828,98.88157464999999
2013-08-22,130.03578,99.11471608
2013-08-23,129.7296,99.887813165
2013-08-26,129.65022,99.45832481
2013-08-27,127.83582,97.249499566
2013-08-28,128.142,97.49492000999999
2013-08-29,128.50487999999999,98.24346809
2013-08-30,128.79971999999998,97.642183104
2013-09-02,128.79971999999998,97.642183104
2013-09-03,128.39147999999997,99.37242585
2013-09-04,129.8997,99.34788329
2013-09-05,130.26257999999999,99.87554832999999
2013-09-06,130.45535999999998,100.20687288999999
2013-09-09,132.38315999999998,101.151755005
2013-09-10,133.34706,103.23785327
2013-09-11,134.61713999999998,103.11515336
2013-09-12,134.03879999999998,102.80837136
2013-09-13,134.49239999999998,103.13969592
2013-09-16,135.20682,104.42816743
2013-09-17,136.00062,104.85766223
2013-09-18,137.54286,106.33020293999999
2013-09-19,137.86038,106.50200086
2013-09-20,136.09134,104.89447607
2013-09-23,137.33873999999997,103.23785327
2013-09-24,136.98719999999997,103.38512152
2013-09-25,136.30679999999998,102.88199904
2013-09-26,136.82843999999997,103.13969592
2013-09-27,136.32948,102.56295865
2013-09-30,135.41093999999998,101.900301796
2013-10-01,135.64908,102.12117968
2013-10-02,135.1728,101.654877485
2013-10-03,134.4357,99.949169565
2013-10-04,135.3996,100.91859423999999
2013-10-07,134.59446,101.74078288999999
2013-10-08,132.85943999999998,100.40321336999999
2013-10-09,133.32438,100.50138360999999
2013-10-10,135.33156,104.41589615000001
2013-10-11,136.89648,106.09705635399999
2013-10-14,137.6676,105.50804007
2013-10-15,135.87587999999997,104.47725254999999
2013-10-16,137.14595999999997,105.22580062999998
2013-10-17,139.05107999999998,106.44064445999999
2013-10-18,139.30056,103.790078916
2013-10-21,139.76549999999997,103.87595983
2013-10-22,140.3892,105.728928266
2013-10-23,139.7088,106.37930094999999
2013-10-24,140.03766,107.103300025
2013-10-25,141.09228,107.37327463
2013-10-28,141.65928,107.164656425
2013-10-29,142.06752,107.32417661999999
2013-10-30,141.51185999999998,106.416109634
2013-10-31,142.71389999999997,106.42838607
2013-11-01,142.7706,106.64926910999999
2013-11-04,143.24687999999998,105.91299231
2013-11-05,143.02007999999998,105.94980615
2013-11-06,144.16541999999998,106.416109634
2013-11-07,143.34893999999997,104.86993351
2013-11-08,145.14065999999997,107.299641794
2013-11-11,145.09529999999998,107.2750915
2013-11-12,145.56024,106.25657525999999
2013-11-13,145.82106,107.38554590999999
2013-11-14,147.18185999999997,108.80898860999999
2013-11-15,147.24989999999997,108.747652834
2013-11-18,147.56741999999997,108.82127277999999
2013-11-19,147.4767,107.81504071
2013-11-20,146.49012,107.02967105599998
2013-11-21,147.81689999999998,107.91320321599999
2013-11-22,148.57668,108.968520406
2013-11-25,148.81481999999997,108.71081836999998
2013-11-26,149.85809999999998,108.63720357999999
2013-11-27,151.38899999999998,109.054433545
2013-11-28,151.38899999999998,109.054433545
2013-11-29,151.40033999999997,108.61266746499999
2013-12-02,144.78912,108.15862365999999
2013-12-03,143.56439999999998,106.84560314499998
2013-12-04,143.40563999999998,106.55110531499999
2013-12-05,143.82521999999997,106.58791270999998
2013-12-06,145.84374,108.37951958999999
2013-12-09,145.79837999999998,107.82731199
2013-12-10,144.6417,107.790490416
2013-12-11,143.75717999999998,106.084782496
2013-12-12,143.54172,105.88844974999999
2013-12-13,143.37162,106.281124265
2013-12-16,144.76644,107.2137351
2013-12-17,148.99625999999998,106.12160407
2013-12-18,153.9972,108.53902818399999
2013-12-19,154.68893999999997,108.77218766
2013-12-20,155.04047999999997,109.88887414
2013-12-23,155.1312,110.09747300999999
2013-12-24,155.34665999999999,110.99327645
2013-12-25,155.34665999999999,110.99327645
2013-12-26,156.82085999999998,111.79090964999999
2013-12-27,158.0229,111.84000765999998
2013-12-30,158.10227999999998,111.668190405
2013-12-31,159.0435,112.12223421
2014-01-01,159.0435,112.12223421
2014-01-02,156.63941999999997,110.83374981
2014-01-03,157.00229999999996,111.07917540999999
2014-01-06,156.07242,110.968727445
2014-01-07,156.0951,111.42277124999998
2014-01-08,154.93841999999998,110.98100516999999
2014-01-09,154.73429999999996,111.01783189999999
2014-01-10,154.42812,110.637428665
2014-01-13,152.72711999999999,109.054433545
2014-01-14,155.82294,109.69252076999999
2014-01-15,156.99095999999997,110.33064021999999
2014-01-16,156.67343999999997,110.50243814
2014-01-17,155.70953999999998,110.37971245
2014-01-20,155.70953999999998,110.37971245
2014-01-21,155.34665999999999,111.16507437
2014-01-22,154.76831999999996,111.77862547999999
2014-01-23,152.76113999999998,110.19565614
2014-01-24,147.66948,108.5635759
2014-01-27,146.24063999999998,110.79694112600001
2014-01-28,147.20453999999998,110.99327645
2014-01-29,147.7035,110.12201556999999
2014-01-30,145.2087,112.52717356
2014-01-31,145.36746,111.95044918
2014-02-03,140.5026,108.90717174
2014-02-04,143.70048,110.14655813
2014-02-05,144.42623999999998,109.93794637
2014-02-06,146.1726,111.84000765999998
2014-02-07,147.79422,114.31879333
2014-02-10,147.07979999999998,113.93837720499998
2014-02-11,148.53131999999997,115.54592133
2014-02-12,147.91895999999997,115.70543508
2014-02-13,147.57875999999996,115.99994579999999
2014-02-14,149.82407999999998,116.09811604
2014-02-17,149.82407999999998,116.09811604
2014-02-18,149.4612,115.77904987
2014-02-19,148.05504,114.06108355999999
2014-02-20,149.18903999999998,114.80962648399998
2014-02-21,149.20037999999997,115.26366900000001
2014-02-24,149.91479999999999,115.055050795
2014-02-25,150.74262,115.19004647599999
2014-02-26,150.66324,115.17777004
2014-02-27,152.34156,115.80360531999999
2014-02-28,152.78381999999996,115.88950428
2014-03-03,149.92614,114.84644547999999
2014-03-04,150.45911999999998,116.08583186999999
2014-03-05,151.78589999999997,116.15947243999999
2014-03-06,152.04672,116.26991396
2014-03-07,152.08074,117.11661938999998
2014-03-10,151.45703999999998,116.88347151499998
2014-03-11,150.26633999999999,115.48454430599999
2014-03-12,150.33437999999998,115.16549876
2014-03-13,148.33854,113.93837720499998
2014-03-14,147.22722,112.90759612999999
2014-03-17,149.99418,114.61329115999999
2014-03-18,150.52716,115.04278595999999
2014-03-19,148.81481999999997,113.98745588
2014-03-20,150.17561999999998,114.06108355999999
2014-03-21,150.95808,114.11016868
2014-03-24,150.16427999999996,112.85851101
2014-03-25,152.02403999999999,113.43525472500001
2014-03-26,150.92406,111.47185637
2014-03-27,150.64056,110.809214984
2014-03-28,152.1828,111.53321276999998
2014-03-31,153.83844,113.82792923999999
2014-04-01,154.82502,114.44149968499998
2014-04-02,154.224,115.2023126
2014-04-03,154.38275999999996,115.69315864399998
2014-04-04,154.06524,114.5273922
2014-04-07,152.40959999999998,112.77261204999999
2014-04-08,152.90856,112.85851101
2014-04-09,154.04255999999998,114.38013684
2014-04-10,151.92198,112.08542037
2014-04-11,150.13025999999996,110.931926495
2014-04-14,150.9921,111.57002661
2014-04-15,152.05805999999998,112.53944483999999
2014-04-16,155.09718,114.49057836
2014-04-17,156.18581999999998,114.24515276
2014-04-18,156.18581999999998,114.24515276
2014-04-21,157.19508,114.34333588999999
2014-04-22,157.50125999999997,114.539655746
2014-04-23,156.48066,115.3863818
2014-04-24,154.9611,114.8955306
2014-04-25,154.85904,113.69295289399999
2014-04-28,155.61881999999997,113.45980372999999
2014-04-29,155.9817,113.47207501
2014-04-30,157.72806,113.99973360499999
2014-05-01,159.67854,113.189830414
2014-05-02,158.89607999999998,113.34934931999999
2014-05-05,159.45174,113.64387293
2014-05-06,157.95485999999997,112.37993108999999
2014-05-07,160.05275999999998,114.02426971999999
2014-05-08,159.70122,114.07336772999999
2014-05-09,160.27955999999998,113.877020805
2014-05-12,161.95788,115.82814787999999
2014-05-13,161.51561999999998,115.61953611999999
2014-05-14,160.57439999999997,113.80338668
2014-05-15,159.87131999999997,111.86455022
2014-05-16,160.04142,111.91362245
2014-05-19,160.65377999999998,112.76034077
2014-05-20,159.02082,110.88284782
2014-05-21,159.50843999999998,111.98725012999999
2014-05-22,159.11154,112.22039156
2014-05-23,160.05275999999998,112.85851101
2014-05-26,160.05275999999998,112.85851101
2014-05-27,160.39296,113.33709093
2014-05-28,160.38162,113.52116786399999
2014-05-29,161.47025999999997,113.91384109
2014-05-30,161.6517,114.30651431599999
2014-06-02,161.39087999999998,114.62556244
2014-06-03,162.03725999999997,114.44149968499998
2014-06-04,161.32283999999999,115.16549876
2014-06-05,162.96714,116.51532667
2014-06-06,164.02175999999997,116.822115115
2014-06-09,164.79287999999997,117.57066190599998
2014-06-10,164.39597999999998,116.993901434
2014-06-11,163.76093999999998,116.46625444
2014-06-12,162.24137999999996,114.93234444
2014-06-13,162.57024,115.06732852
2014-06-16,162.52487999999997,115.10414236
2014-06-17,162.94446,115.71770636
2014-06-18,163.67022,115.58272228
2014-06-19,163.85165999999998,115.88950428
2014-06-20,164.61144,116.35581292
2014-06-23,163.39806,115.68088607499999
2014-06-24,162.26406,114.14698252
2014-06-25,162.8991,114.38013684
2014-06-26,162.98981999999998,114.19606764
2014-06-27,162.94446,114.44149968499998
2014-06-30,162.43416,114.06108355999999
2014-07-01,163.93104,116.07357347999998
2014-07-02,164.69081999999997,115.69315864399998
2014-07-03,164.89494,116.42944059999999
2014-07-04,164.89494,116.42944059999999
2014-07-07,164.32793999999998,115.815871444
2014-07-08,163.93104,115.60725194999999
2014-07-09,164.06712,116.01221708
2014-07-10,163.17125999999996,115.69315864399998
2014-07-11,163.64754,116.453988316
2014-07-14,164.42999999999998,117.484750056
2014-07-15,164.49803999999997,117.75472595
2014-07-16,165.75677999999996,118.28239099
2014-07-17,162.77435999999997,116.78529483
2014-07-18,164.23722,118.81005602999998
2014-07-21,163.6362,119.44814969999999
2014-07-22,164.56608,119.26409339
2014-07-23,164.06712,118.54007497999999
2014-07-24,164.57742,117.81608234999999
2014-07-25,164.56608,117.50930034999999
2014-07-28,165.03101999999998,116.78529483
2014-07-29,163.31868,115.0795998
2014-07-30,163.00116,115.435461764
2014-07-31,159.76925999999997,112.68671824599998
2014-08-01,158.88474,112.36765980999999
2014-08-04,159.61049999999997,112.10996292999998
2014-08-05,158.51051999999999,111.96270756999999
2014-08-06,158.2497,111.12826053
2014-08-07,157.77342,111.61911172999999
2014-08-08,159.7239,113.76657283999998
2014-08-11,159.41772,114.31879333
2014-08-12,159.75791999999998,114.01201132999998
2014-08-13,160.8012,115.68088607499999
2014-08-14,161.41356,115.82814787999999
2014-08-15,160.93727999999996,115.63180739999999
2014-08-18,163.43207999999998,116.89574924
2014-08-19,163.5795,116.23308722999998
2014-08-20,163.97639999999998,117.52157162999998
2014-08-21,163.86299999999997,117.73019627999999
2014-08-22,163.44341999999997,117.26387475
2014-08-25,164.08979999999997,117.57066190599998
2014-08-26,163.97639999999998,117.20253124
2014-08-27,163.22796,117.27615892
2014-08-28,163.27331999999998,116.94482791499999
2014-08-29,163.296,116.85892251
2014-09-01,163.296,116.85892251
2014-09-02,163.54548,117.19025222599998
2014-09-03,163.09187999999997,117.14116968399999
2014-09-04,162.85374,116.56441179
2014-09-05,163.52279999999996,117.32523759499999
2014-09-08,164.30525999999998,116.87119378999999
2014-09-09,163.81763999999998,115.91404684
2014-09-10,164.02175999999997,115.79132114999999
2014-09-11,163.69289999999998,116.25762979
2014-09-12,163.22796,115.96313195999998
2014-09-15,163.84031999999996,116.14720116
2014-09-16,164.2599,116.40489803999999
2014-09-17,164.84958,117.23933219
2014-09-18,166.51656,118.28239099
2014-09-19,166.34645999999998,118.41737507
2014-09-22,165.23514,116.20854467
2014-09-23,163.71558,114.60100698999999
2014-09-24,164.29391999999999,115.140963934
2014-09-25,161.57231999999996,113.38617604999999
2014-09-26,161.50427999999997,114.49057836
2014-09-29,161.24345999999997,114.77283068999999
2014-09-30,160.66512,114.26970820999999
2014-10-01,157.83012,112.47810132999999
2014-10-02,157.25177999999997,111.815458655
2014-10-03,158.95277999999996,112.53944483999999
2014-10-06,159.14556,112.83395555999999
2014-10-07,156.12912,110.18338486
2014-10-08,160.35894,112.22039156
2014-10-09,157.21775999999997,110.15882941
2014-10-10,151.76322,107.86412067399999
2014-10-13,150.7086,105.115372
2014-10-14,152.16012,105.76574984
2014-10-15,152.20548,104.44043871
2014-10-16,153.1467,106.01114966
2014-10-17,155.8116,110.51468364
2014-10-20,156.03839999999997,110.44106885
2014-10-21,159.81462,114.02426971999999
2014-10-22,157.56929999999997,111.86455022
2014-10-23,164.48669999999998,114.83417419999999
2014-10-24,168.50106,116.20854467
2014-10-27,169.60103999999998,114.98142182599999
2014-10-28,171.30203999999998,116.78529483
2014-10-29,171.24533999999997,116.63804720399999
2014-10-30,172.48139999999998,117.30068859
2014-10-31,174.37518,117.951072875
2014-11-03,173.8422,117.38659399499998
2014-11-04,175.8267,116.93255019
2014-11-05,176.55245999999997,118.67505905999998
2014-11-06,176.9607,118.67505905999998
2014-11-07,177.5277,118.74869962999999
2014-11-10,178.78643999999997,119.36226362999999
2014-11-11,178.16273999999999,119.00639650999999
2014-11-12,178.80911999999998,119.04321035
2014-11-13,179.56889999999999,119.10455386
2014-11-14,180.13589999999996,118.77324863499999
2014-11-17,179.95445999999998,118.45419406599999
2014-11-18,181.6101,118.82232731
2014-11-19,180.11321999999998,118.50327402999999
2014-11-20,180.71424,118.69960935399999
2014-11-21,181.62143999999998,120.54030651
2014-11-24,181.30391999999998,120.589386474
2014-11-25,179.24004,121.33792681999999
2014-11-26,179.52354,121.58335242
2014-11-27,179.52354,121.58335242
2014-11-28,181.54206,121.571074695
2014-12-01,179.35343999999998,119.52179027
2014-12-02,182.1204,120.08626399399999
2014-12-03,184.00283999999996,122.67548344999999
2014-12-04,184.00283999999996,121.80423546
2014-12-05,184.01417999999998,122.33189405499999
2014-12-08,182.49462,121.17838728999999
2014-12-09,182.38121999999998,121.87785025
2014-12-10,179.44415999999998,119.644497914
2014-12-11,180.4761,120.12307009999999
2014-12-12,178.17407999999998,117.6565686
2014-12-15,177.86789999999996,117.57066190599998
2014-12-16,180.3627,118.27011970999999
2014-12-17,182.1204,119.84084355
2014-12-18,187.4502,123.48538792999999
2014-12-19,187.65431999999998,124.13576576999999
2014-12-22,189.68418,124.19712216999999
2014-12-23,189.23057999999997,125.14201073
2014-12-24,189.33264,125.11746816999998
2014-12-25,189.33264,125.11746816999998
2014-12-26,188.53883999999996,124.712510774
2014-12-29,189.04914,124.761593316
2014-12-30,188.06256,123.595837184
2014-12-31,186.33888,122.61413993999999
2015-01-01,186.33888,122.61413993999999
2015-01-02,186.04404,122.99454962
2015-01-05,181.84824,120.65073514
2015-01-06,179.9091,120.36848796599999
2015-01-07,181.2132,121.23976947
2015-01-08,185.55641999999997,123.44857409
2015-01-09,183.27707999999998,121.39928322
2015-01-12,182.27916,120.81026177999999
2015-01-13,182.14308,121.66926426999999
2015-01-14,181.25856,121.1047725
2015-01-15,181.05443999999997,119.16592315
2015-01-16,183.70799999999997,120.52803007399999
2015-01-19,183.70799999999997,120.52803007399999
2015-01-20,183.63995999999997,121.460644776
2015-01-21,184.32035999999997,121.79196418
2015-01-22,188.11925999999997,121.96376209999998
2015-01-23,185.99868,125.78011728999999
2015-01-26,186.24815999999998,125.03156405399999
2015-01-27,185.55641999999997,123.81671248999999
2015-01-28,185.90795999999997,122.49142714
2015-01-29,188.39141999999998,122.92092193999999
2015-01-30,184.0482,119.96355634999999
2015-02-02,186.45227999999997,122.43005784999998
2015-02-03,188.17595999999998,124.270744694
2015-02-04,186.89453999999998,123.63264329
2015-02-05,188.86769999999999,125.58376391999998
2015-02-06,188.32338,124.85977129
2015-02-09,186.92855999999998,124.66343081
2015-02-10,188.03987999999998,125.70650249999998
2015-02-11,186.52031999999997,125.69421832999998
2015-02-12,188.14193999999998,127.00724529
2015-02-13,188.17595999999998,128.087097306
2015-02-16,188.17595999999998,128.087097306
2015-02-17,189.28727999999998,127.62079639999999
2015-02-18,189.83159999999998,128.38161576
2015-02-19,189.48005999999998,128.479780844
2015-02-20,190.64808,129.289684035
2015-02-23,191.43053999999998,128.087097306
2015-02-24,191.78207999999998,127.98894124499999
2015-02-25,191.52125999999996,128.099371164
2015-02-26,192.33774,127.17903031999998
2015-02-27,191.2491,126.12371313
2015-03-02,193.34699999999998,128.33253064
2015-03-03,190.81817999999998,127.66988152
2015-03-04,189.55943999999997,126.45502479999999
2015-03-05,190.02437999999998,126.55320793
2015-03-06,186.38424,125.00702664999999
2015-03-09,188.66358,126.56546631999998
2015-03-10,184.00283999999996,124.14803705
2015-03-11,183.40181999999996,123.50993048999999
2015-03-12,186.50897999999998,125.73103732599999
2015-03-13,184.54716,124.14803705
2015-03-16,188.48214,126.12371313
2015-03-17,186.23681999999997,125.42425016999998
2015-03-18,188.77697999999998,127.42445591999999
2015-03-19,187.85843999999997,126.41821096
2015-03-20,188.79966,129.33876271
2015-03-23,188.39141999999998,127.98894124499999
2015-03-24,188.60687999999996,127.69441119
2015-03-25,184.50179999999997,125.08065432999999
2015-03-26,184.37706,125.37516504999999
2015-03-27,185.409,126.344589725
2015-03-30,188.3007,128.737488036
2015-03-31,187.05329999999998,128.00119319
2015-04-01,184.29767999999999,126.68817912
2015-04-02,184.6152,127.01950368
2015-04-03,184.6152,127.01950368
2015-04-06,187.65431999999998,128.222082675
2015-04-07,188.48214,127.78032304
2015-04-08,188.55017999999998,127.43674009
2015-04-09,189.13985999999997,128.099371164
2015-04-10,189.45737999999997,128.479780844
2015-04-13,188.06256,126.73726423999999
2015-04-14,188.23265999999998,126.7004504
2015-04-15,188.74295999999998,127.363107254
2015-04-16,188.11925999999997,127.52261971499999
2015-04-17,183.37913999999998,124.79841488999999
2015-04-20,186.55433999999997,125.87828753
2015-04-21,185.97599999999997,124.34438397499999
2015-04-22,186.73577999999998,125.39970761
2015-04-23,181.05443999999997,126.40594612499999
2015-04-24,180.29466,125.78011728999999
2015-04-27,179.14931999999996,125.82920241
2015-04-28,179.54622,126.30778232999998
2015-04-29,178.00397999999998,124.84750000999999
2015-04-30,177.34625999999997,123.841261495
2015-05-01,178.80911999999998,125.78011728999999
2015-05-04,180.32868,125.87828753
2015-05-05,179.06993999999997,124.602080855
2015-05-06,178.76375999999996,123.92715400999998
2015-05-07,179.86374,123.95169657
2015-05-08,182.1204,125.31380864999998
2015-05-11,181.32659999999998,126.01325872
2015-05-12,181.51937999999998,125.54696297
2015-05-13,182.92553999999998,128.16073272
2015-05-14,185.0121,130.614982275
2015-05-15,185.1822,131.118104755
2015-05-18,184.69458,131.01992807
2015-05-19,184.97807999999998,129.84188519
2015-05-20,183.59459999999999,130.357284106
2015-05-21,183.77604,130.51680559
2015-05-22,182.55131999999998,129.97686927
2015-05-25,182.55131999999998,129.97686927
2015-05-26,180.97505999999998,128.651576186
2015-05-27,182.59668,129.31422014999998
2015-05-28,182.42658,129.69464272
2015-05-29,180.39672,127.86622199999998
2015-06-01,180.28331999999997,127.69441119
2015-06-02,180.39672,128.30798807999997
2015-06-03,181.62143999999998,128.82338184
2015-06-04,179.56889999999999,127.27720056
2015-06-05,178.12872,127.30174312
2015-06-08,177.57306,126.71272168
2015-06-09,178.01531999999997,127.08086007999998
2015-06-10,180.35135999999997,128.56568496
2015-06-11,181.28124,128.725205155
2015-06-12,179.21735999999999,127.6821528
2015-06-15,176.75657999999999,126.933624055
2015-06-16,177.45965999999999,127.74350919999999
2015-06-17,177.98129999999998,127.86622199999998
2015-06-18,181.00907999999998,129.49828935
2015-06-19,180.24929999999998,129.26513502999998
2015-06-22,181.07711999999998,129.30196175999998
2015-06-23,181.25856,128.553420125
2015-06-24,178.65035999999998,127.74350919999999
2015-06-25,176.81327999999996,126.83543447999999
2015-06-26,178.14005999999998,127.05633040999999
2015-06-29,174.57929999999996,124.98248408999999
2015-06-30,174.9762,125.12973945
2015-07-01,176.50709999999998,126.19732791999999
2015-07-02,176.20091999999997,125.79238856999999
2015-07-03,176.20091999999997,125.79238856999999
2015-07-06,175.86072,125.63284904
2015-07-07,176.25762,126.19732791999999
2015-07-08,173.17314,123.90261789499998
2015-07-09,174.3525,124.16031477499999
2015-07-10,175.71329999999998,125.66967577
2015-07-13,177.43697999999998,127.338550515
2015-07-14,177.78851999999998,127.71896663999999
2015-07-15,176.904,127.42445591999999
2015-07-16,178.23077999999998,127.09313136
2015-07-17,177.68645999999998,129.51057352
2015-07-20,178.17407999999998,130.52907686999998
2015-07-21,176.63183999999998,129.33876271
2015-07-22,176.23493999999997,128.52887112
2015-07-23,169.533,128.01347736
2015-07-24,169.34022,126.11142896
2015-07-27,168.63714,124.72478721
2015-07-28,171.35874,127.86622199999998
2015-07-29,171.74429999999998,129.51057352
2015-07-30,171.88037999999997,129.31422014999998
2015-07-31,171.61955999999998,128.90927435499998
2015-08-03,170.23608,128.479780844
2015-08-04,170.5536,128.38161576
2015-08-05,171.24533999999997,129.74372784
2015-08-06,169.26083999999997,129.81735552
2015-08-07,168.84125999999998,129.41240328
2015-08-10,171.50616,131.67030591
2015-08-11,168.37631999999996,129.30196175999998
2015-08-12,168.42168,129.51057352
2015-08-13,167.1516,129.48602580399998
2015-08-14,168.14952,130.173216195
2015-08-17,169.23816,130.418640506
2015-08-18,168.18354,130.33273638999998
2015-08-19,165.41657999999998,128.89699663
2015-08-20,162.55889999999997,125.95190231999999
2015-08-21,161.13006,121.33792681999999
2015-08-24,157.14972,116.92027891000001
2015-08-25,156.08375999999998,115.26366900000001
2015-08-26,161.84447999999998,120.04945531
2015-08-27,163.18259999999998,122.57731836599999
2015-08-28,163.53414,122.73683985
2015-08-31,161.18675999999996,121.816499006
2015-09-01,157.059,117.75472595
2015-09-02,160.16616,120.27032545999998
2015-09-03,160.73316,120.957522296
2015-09-04,158.57855999999998,118.52781659
2015-09-07,158.57855999999998,118.52781659
2015-09-08,162.64962,122.47915585999999
2015-09-09,159.73524,121.31338425999999
2015-09-10,159.64452,122.160109025
2015-09-11,160.18883999999997,122.24600154
2015-09-14,159.67854,121.75515033999999
2015-09-15,162.84239999999997,123.10497824999999
2015-09-16,163.52279999999996,123.89034016999999
2015-09-17,162.10529999999997,123.36267513
2015-09-18,158.32908,120.30713929999999
2015-09-21,158.80535999999998,119.9390009
2015-09-22,156.51468,117.85289619
2015-09-23,156.10644,116.07357347999998
2015-09-24,156.01572,114.88326576499999
2015-09-25,158.26103999999998,114.76054651999999
2015-09-28,156.92291999999998,112.39220236999999
2015-09-29,160.5177,113.53341852
2015-09-30,160.76718,116.19628112399998
2015-10-01,159.6672,116.22081594999999
2015-10-02,162.38879999999997,118.46646018999999
2015-10-05,165.92687999999998,120.72434992999999
2015-10-06,165.32585999999998,120.51575621599999
2015-10-07,167.31035999999997,122.08646974399998
2015-10-08,169.51031999999998,124.025329406
2015-10-09,169.98659999999998,124.13576576999999
2015-10-12,170.16804,124.55300217999998
2015-10-13,169.09074,122.49142714
2015-10-14,168.19487999999998,120.577112616
2015-10-15,169.18146,120.87161817999998
2015-10-16,168.62579999999997,119.067746465
2015-10-19,167.832,119.25182210999999
2015-10-20,169.09074,120.60165002
2015-10-21,169.89587999999998,121.202937584
2015-10-22,176.904,125.87828753
2015-10-23,176.66585999999998,126.55320793
2015-10-26,177.51635999999996,126.12371313
2015-10-27,177.73181999999997,125.71875444499999
2015-10-28,179.26272,127.10540908499999
2015-10-29,178.72974,126.32005361
2015-10-30,178.27614,126.73726423999999
2015-11-02,181.34927999999996,127.841672995
2015-11-03,180.02249999999998,127.1913016
2015-11-04,180.20394,126.84771220499998
2015-11-05,180.29466,127.1299452
2015-11-06,180.60083999999998,127.62079639999999
2015-11-09,178.57098,126.03780128
2015-11-10,178.70705999999998,125.657399334
2015-11-11,180.3627,126.71272168
2015-11-12,177.2442,125.12973945
2015-11-13,176.50709999999998,124.03759553
2015-11-16,179.41013999999998,126.344589725
2015-11-17,178.07201999999998,125.52241267599999
2015-11-18,178.48025999999996,127.69441119
2015-11-19,179.60291999999998,128.89699663
2015-11-20,180.24929999999998,129.62100214999998
2015-11-23,179.9091,128.344795475
2015-11-24,178.8885,126.60228660499999
2015-11-25,178.75241999999997,127.16675903999999
2015-11-26,178.75241999999997,127.16675903999999
2015-11-27,179.16066,127.69441119
2015-11-30,177.56172,127.55943999999998
2015-12-01,177.9246,127.80487333399999
2015-12-02,176.56379999999996,126.5163812
2015-12-03,175.06691999999998,125.657399334
2015-12-04,179.42147999999997,128.29571679999998
2015-12-07,178.8885,127.841672995
2015-12-08,177.79985999999997,125.976452614
2015-12-09,176.9607,125.03156405399999
2015-12-10,178.62768,124.87205546
2015-12-11,175.57722,120.54030651
2015-12-14,178.75241999999997,121.460644776
2015-12-15,167.97941999999998,120.83481078499999
2015-12-16,170.04329999999996,127.71896663999999
2015-12-17,168.7959,125.54696297
2015-12-18,166.60727999999997,124.95794153
2015-12-21,167.24231999999998,125.902823645
2015-12-22,168.93197999999998,127.81713687999999
2015-12-23,171.41544,128.79883927999998
2015-12-24,171.44946,128.41842444399998
2015-12-25,171.44946,128.41842444399998
2015-12-28,171.48348,128.02574864
2015-12-29,173.37725999999998,129.26513502999998
2015-12-30,172.26593999999997,128.185283014
2015-12-31,170.82575999999997,127.09313136
2016-01-01,170.82575999999997,127.09313136
2016-01-04,166.49388,125.86601624999999
2016-01-05,167.21964,126.89679088
2016-01-06,163.85165999999998,125.461057565
2016-01-07,159.85997999999998,121.76742161999998
2016-01-08,159.31566,120.78571922
2016-01-11,159.28163999999998,120.77344793999998
2016-01-12,159.73524,121.69379393999999
2016-01-13,157.30847999999997,119.15365186999999
2016-01-14,160.09812,121.1661289
2016-01-15,157.27445999999998,119.34999235
2016-01-18,157.27445999999998,119.34999235
2016-01-19,156.93425999999997,119.43589131
2016-01-20,155.31264,118.09832178999999
2016-01-21,156.21983999999998,118.51554531000001
2016-01-22,158.21568,120.03718402999999
2016-01-25,156.00437999999997,118.392838955
2016-01-26,164.18051999999997,120.88388945999998
2016-01-27,165.0537,118.98185394999999
2016-01-28,167.06087999999997,120.22124034
2016-01-29,171.23399999999998,126.63909399999999
2016-02-01,168.65981999999997,126.24641304
2016-02-02,167.68457999999998,123.522206926
2016-02-03,172.95767999999998,125.36289377
2016-02-04,174.00096,125.841467245
2016-02-05,174.03498,125.32607992999998
2016-02-08,174.52259999999998,124.58979797399999
2016-02-09,175.47516,126.05008545
2016-02-10,172.87829999999997,125.902823645
2016-02-11,170.85977999999997,124.602080855
2016-02-12,174.59063999999998,126.98270272999999
2016-02-15,174.59063999999998,126.98270272999999
2016-02-16,176.37102,128.786561555
2016-02-17,177.60708,130.23457259499997
2016-02-18,177.78851999999998,130.65178967
2016-02-19,177.41429999999997,131.63347918
2016-02-22,178.83179999999996,129.05653616
2016-02-23,177.09677999999997,127.17903031999998
2016-02-24,178.28748,126.76180679999999
2016-02-25,180.29466,127.853955876
2016-02-26,179.47818,126.43048223999999
2016-02-29,177.89058,124.36892008999999
2016-03-01,180.97505999999998,129.91552576
2016-03-02,180.77093999999997,130.67633222999999
2016-03-03,180.73691999999997,132.50475294999998
2016-03-04,181.51937999999998,132.71336470999998
2016-03-07,182.08637999999996,131.87891767
2016-03-08,181.66679999999997,132.01390175
2016-03-09,181.54206,133.67051166
2016-03-10,181.31525999999997,132.97104869999998
2016-03-11,183.57191999999998,133.793218015
2016-03-14,183.49254,133.15513079
2016-03-15,184.17293999999998,133.36372966
2016-03-16,184.71725999999998,134.03865006
2016-03-17,185.6925,136.23519629
2016-03-18,187.48422,137.56049453
2016-03-21,186.92855999999998,138.27221588
2016-03-22,187.00794,138.640362014
2016-03-23,186.28217999999998,137.69547861
2016-03-24,186.49764,136.60333469
2016-03-25,186.49764,136.60333469
2016-03-28,188.56151999999997,136.94693052999997
2016-03-29,186.41825999999998,137.31506893
2016-03-30,189.09449999999998,137.64639348999998
2016-03-31,188.95842,137.49913813
2016-04-01,189.97902,138.94714917
2016-04-04,188.6976,138.11270213
2016-04-05,188.02854,137.16781357
2016-04-06,189.16253999999998,138.73853741
2016-04-07,189.55943999999997,137.03282948999998
2016-04-08,188.95842,137.585044824
2016-04-11,188.91305999999997,137.36415405
2016-04-12,190.54601999999997,138.70171068
2016-04-13,191.18105999999997,140.80009955999998
2016-04-14,190.69343999999998,140.5301314
2016-04-15,191.39651999999998,140.66510258999998
2016-04-18,192.2697,141.68361882999997
2016-04-19,192.38309999999998,142.10086168499998
2016-04-20,191.57796,141.34003588
2016-04-21,191.26044,141.0209826
2016-04-22,191.26044,140.10064949
2016-04-25,190.94292,138.97169173
2016-04-26,188.44812,140.87374013
2016-04-27,190.23983999999996,141.65908915999998
2016-04-28,189.378,140.6528442
2016-04-29,189.80891999999997,140.2233494
2016-05-02,190.89756,140.7142006
2016-05-03,190.47797999999997,140.517865276
2016-05-04,189.55943999999997,138.57901077
2016-05-05,190.25118,139.4257162
2016-05-06,191.52125999999996,139.62206956999998
2016-05-09,191.10168,138.86125021
2016-05-10,193.07483999999997,141.04552515999998
2016-05-11,192.51918,140.02700892
2016-05-12,192.9501,140.12519204999998
2016-05-13,190.87487999999996,138.91032244
2016-05-16,192.2697,140.92281236
2016-05-17,190.29654,139.437982324
2016-05-18,189.17387999999997,138.28450005
2016-05-19,187.23474,137.83046269
2016-05-20,187.12133999999998,138.93486499999997
2016-05-23,188.36874,138.41949702
2016-05-24,191.22642,140.34607509
2016-05-25,192.76865999999998,140.775563445
2016-05-26,191.54394,140.12519204999998
2016-05-27,191.52125999999996,140.29697707999998
2016-05-30,191.52125999999996,140.29697707999998
2016-05-31,190.87487999999996,139.68341307999998
2016-06-01,191.29446,139.81839716
2016-06-02,190.55735999999996,140.54240268
2016-06-03,190.94292,140.86145596
2016-06-06,192.87072,141.78180196
2016-06-07,193.81193999999996,141.54863475
2016-06-08,194.39027999999996,142.4321798
2016-06-09,192.92741999999998,143.83109283
2016-06-10,191.14703999999998,143.18071498999998
2016-06-13,189.52541999999997,141.27867948
2016-06-14,190.06974,141.74498812
2016-06-15,190.2852,141.75724651
2016-06-16,192.70062,142.08857880399998
2016-06-17,191.57796,142.24809771
2016-06-20,194.17481999999998,143.647028786
2016-06-21,194.33357999999998,143.94153434999998
2016-06-22,194.17481999999998,143.04573090999997
2016-06-23,197.44074,143.96607691
2016-06-24,191.78207999999998,138.640362014
2016-06-27,189.59346,136.77513260999999
2016-06-28,192.31506,139.96566540999999
2016-06-29,194.50368,140.45650372
2016-06-30,198.58607999999998,142.73894890999998
2016-07-01,199.06235999999998,142.95983195
2016-07-04,199.06235999999998,142.95983195
2016-07-05,199.16441999999998,141.401397436
2016-07-06,198.63143999999997,143.3525258
2016-07-07,198.30257999999998,142.48126492
2016-07-08,200.85407999999998,145.83129858
2016-07-11,201.86333999999997,145.49997402
2016-07-12,203.16743999999997,146.05218162
2016-07-13,203.22413999999998,146.08900835
2016-07-14,205.14059999999998,146.13808058
2016-07-15,205.70759999999999,146.30989139
2016-07-18,205.37874,145.89265498
2016-07-19,205.52616,146.45713386
2016-07-20,205.73027999999996,147.10751169999998
2016-07-21,204.41483999999997,145.61042842999998
2016-07-22,204.61896,141.86768802999998
2016-07-25,203.70041999999998,141.72044555999997
2016-07-26,201.46643999999998,142.28491155
2016-07-27,202.15818,141.070061275
2016-07-28,201.82931999999997,142.05177012
2016-07-29,202.26024,142.75122019
2016-08-01,202.18085999999997,142.19901774599998
2016-08-02,202.26024,141.67136044
2016-08-03,202.28292,142.35853923
2016-08-04,201.63654,142.28491155
2016-08-05,202.49837999999997,142.8003182
2016-08-08,202.50972,142.39536596
2016-08-09,202.29425999999998,142.66532123
2016-08-10,202.78187999999997,142.38308179
2016-08-11,205.254,142.8003182
2016-08-12,204.42618,142.46899363999998
2016-08-15,204.75503999999998,143.37705547
2016-08-16,203.2695,142.62852028
2016-08-17,203.97258,142.07631268
2016-08-18,203.19011999999998,142.17448292
2016-08-19,203.67774,142.48126492
2016-08-22,203.06537999999998,143.05801508
2016-08-23,203.85917999999998,143.585672386
2016-08-24,203.45093999999997,143.27889167499998
2016-08-25,203.64372,143.29115651
2016-08-26,203.45093999999997,143.26661395
2016-08-29,204.68699999999998,143.78201415499998
2016-08-30,204.2901,143.59793851
2016-08-31,203.25816,143.217535275
2016-09-01,204.09731999999997,142.50579459
2016-09-02,205.03853999999998,142.82484786999999
2016-09-05,205.03853999999998,142.82484786999999
2016-09-06,204.64164,141.99041372
2016-09-07,203.83649999999997,140.18652911499998
2016-09-08,204.2334,139.67115469
2016-09-09,199.17575999999997,137.45005300999998
2016-09-12,201.9654,139.266197294
2016-09-13,199.66337999999996,136.94693052999997
2016-09-14,199.15308,139.92883868
2016-09-15,200.25305999999998,141.46274868
2016-09-16,198.51803999999998,140.21107812
2016-09-19,200.40048,140.55467396
2016-09-20,201.39839999999998,140.9596262
2016-09-21,203.65506,142.260374146
2016-09-22,203.94989999999999,143.36478419
2016-09-23,201.16025999999997,142.32172538999998
2016-09-26,199.52729999999997,142.272646715
2016-09-27,199.92419999999998,142.60397772
2016-09-28,201.38706,143.76973643
2016-09-29,198.86957999999998,142.57943516
2016-09-30,199.84481999999997,143.070267025
2016-10-03,198.49535999999998,143.22282662
2016-10-04,194.68511999999998,141.77886304
2016-10-05,195.49025999999998,142.247845066
2016-10-06,194.63975999999997,142.6797967
2016-10-07,194.28822,131.979735516
2016-10-10,194.07275999999996,131.8069528
2016-10-11,192.41711999999998,130.54812829
2016-10-12,192.46247999999997,132.58446471
2016-10-13,192.80267999999998,133.608814964
2016-10-14,193.15422,134.52207662
2016-10-17,193.01814,133.33730516
2016-10-18,192.72329999999997,133.12749462999997
2016-10-19,192.67793999999998,133.62114296
2016-10-20,192.62124,133.46072046499998
2016-10-21,192.213,134.47272081
2016-10-24,194.22018,134.84297317
2016-10-25,188.50481999999997,134.60847055600001
2016-10-26,188.82233999999997,135.052764365
2016-10-27,187.97184,134.312271246
2016-10-28,187.98318,135.546425585
2016-10-31,187.4502,135.36130584999998
2016-11-01,186.25949999999997,134.7072028
2016-11-02,187.93781999999996,133.85563783999999
2016-11-03,189.18522,133.71988036
2016-11-04,188.78831999999997,133.59645860999998
2016-11-07,192.48515999999998,137.29891776
2016-11-08,193.94801999999999,136.52140584999998
2016-11-09,193.22225999999998,138.66881539999997
2016-11-10,197.63351999999998,139.69315791999998
2016-11-11,198.54072,139.76720452499998
2016-11-14,196.07993999999997,139.50803173999998
2016-11-15,197.58816,139.60678202999998
2016-11-16,195.05933999999996,138.557734536
2016-11-17,195.92118,139.58208478999998
2016-11-18,196.13664,138.33559601
2016-11-21,194.50368,138.48368921999997
2016-11-22,194.94593999999998,138.86627731
2016-11-23,195.33149999999998,140.483013294
2016-11-24,195.33149999999998,140.483013294
2016-11-25,196.73766,140.90262662
2016-11-28,195.61499999999998,140.507697644
2016-11-29,195.92118,139.87827121
2016-11-30,194.75315999999998,140.61877593
2016-12-01,195.76241999999996,140.285550095
2016-12-02,195.53562,138.77988853
2016-12-05,194.61708,139.31056983
2016-12-06,194.8212,139.54506471
2016-12-07,199.64069999999998,143.790528
2016-12-08,199.44791999999998,142.7291654
2016-12-09,202.40766,143.44497288
2016-12-12,203.71175999999997,144.90126445599998
2016-12-13,202.79322,145.74047564
2016-12-14,200.26439999999997,143.790528
2016-12-15,199.60667999999998,143.58071747
2016-12-16,201.22829999999996,143.63008617
2016-12-19,202.03343999999998,144.75316609
2016-12-20,202.5891,145.271505215
2016-12-21,202.33962,144.64208007
2016-12-22,203.21279999999996,144.29652495
2016-12-23,202.7025,144.38291373
2016-12-26,202.7025,144.38291373
2016-12-27,202.89527999999996,144.43228243
2016-12-28,201.94272,142.85257426
2016-12-29,202.31694,143.161115745
2016-12-30,202.49837999999997,142.97598312
2017-01-02,202.49837999999997,142.97598312
2017-01-03,201.90869999999998,143.383263294
2017-01-04,202.21487999999997,143.77819226999998
2017-01-05,201.52313999999998,144.09906303999998
2017-01-06,202.11281999999997,146.28350556
2017-01-09,201.02418,145.074043305
2017-01-10,200.24172,145.44428922
2017-01-11,201.72725999999997,145.641756286
2017-01-12,201.21695999999997,145.17277941599997
2017-01-13,201.16025999999997,145.71579902399998
2017-01-16,201.16025999999997,145.71579902399998
2017-01-17,201.01283999999998,144.67911304
2017-01-18,202.40766,145.70345555999998
2017-01-19,202.62312,145.518337114
2017-01-20,202.40766,145.40726913999998
2017-01-23,202.43033999999997,144.90126445599998
2017-01-24,199.54997999999998,145.5800467
2017-01-25,200.41181999999998,145.4813093
2017-01-26,200.51387999999997,145.592388875
2017-01-27,201.26231999999996,146.14774034599998
2017-01-30,198.92627999999996,146.99931303999998
2017-01-31,198.24587999999997,146.02433922
2017-02-01,198.64277999999996,145.62940250999998
2017-02-02,197.52012,145.61706678
2017-02-03,198.49535999999998,147.09805043999998
2017-02-06,198.56339999999997,147.28316373
2017-02-07,199.31183999999996,147.752145756
2017-02-08,200.79737999999998,147.76448922
2017-02-09,202.05612,148.912248334
2017-02-10,202.986,150.38087564
2017-02-13,205.27668,152.56531816
2017-02-14,205.93439999999998,152.56531816
2017-02-15,206.04779999999997,153.379857884
2017-02-16,207.98693999999998,153.231763385
2017-02-17,207.46529999999996,153.72541815999998
2017-02-20,207.46529999999996,153.72541815999998
2017-02-21,207.94158,153.91053144999998
2017-02-22,210.96935999999997,154.31780389
2017-02-23,212.27345999999997,154.04630182
2017-02-24,212.52293999999998,154.30546171499998
2017-02-27,211.95593999999997,154.13267771
2017-02-28,211.32089999999997,153.65136510999997
2017-03-01,215.30124,157.04527632999998
2017-03-02,215.33525999999998,155.909865836
2017-03-03,214.67754,155.76175458
2017-03-06,214.21259999999998,155.60132564
2017-03-07,214.42806,155.8234719
2017-03-08,214.90433999999996,156.23073145
2017-03-09,215.3466,155.73708312
2017-03-10,216.83213999999998,156.78609709999998
2017-03-13,217.18367999999998,156.40352834499998
2017-03-14,215.83422,155.14468449999998
2017-03-15,216.82079999999996,156.69972120999998
2017-03-16,215.81153999999998,155.94688076
2017-03-17,218.13624,156.93420319999998
2017-03-20,218.87333999999996,156.11965831999998
2017-03-21,217.87541999999996,155.08298007
2017-03-22,217.97747999999999,154.88551816
2017-03-23,217.88675999999995,154.91018961999998
2017-03-24,217.17233999999996,153.98458449999998
2017-03-27,215.94762,153.65136510999997
2017-03-28,216.58266,154.61400319999998
2017-03-29,216.23111999999998,154.63870044
2017-03-30,216.91151999999997,154.77444502999998
2017-03-31,216.96822,154.10800625
2017-04-03,216.27648,153.44156747
2017-04-04,215.67546,153.256447735
2017-04-05,215.73216,152.50361372999998
2017-04-06,215.33525999999998,152.82449738999998
2017-04-07,215.44866,153.36750153
2017-04-10,215.13114,153.6020093
2017-04-11,215.53937999999997,153.70073381
2017-04-12,215.11979999999997,151.98528105
2017-04-13,213.92909999999998,151.1830719
2017-04-14,213.92909999999998,151.1830719
2017-04-17,215.86824,152.33083617
2017-04-18,215.70947999999999,151.89887937999998
2017-04-19,215.26721999999998,151.479263476
2017-04-20,216.77543999999997,152.75043144999998
2017-04-21,217.16099999999997,156.8354658
2017-04-24,220.25681999999998,160.18000831999998
2017-04-25,221.27741999999998,159.57528686
2017-04-26,221.12999999999997,160.5626093
2017-04-27,222.38873999999998,160.29108144999998
2017-04-28,222.07121999999998,161.84609882499998
2017-05-01,220.91454,161.54990080399998
2017-05-02,222.86502,161.90782259
2017-05-03,224.11242,161.75972937999998
2017-05-04,226.24433999999997,161.92014543
2017-05-05,226.1196,162.17932466
2017-05-08,225.26909999999998,161.83376954
2017-05-09,224.48664,162.79640763
2017-05-10,222.98975999999996,162.58659709999998
2017-05-11,223.1145,162.78404612
2017-05-12,222.91037999999998,162.27806206
2017-05-15,224.11242,162.88278352
2017-05-16,224.42994,162.9198036
2017-05-17,220.94856,160.36512161
2017-05-18,221.40215999999998,160.95752023
2017-05-19,222.03719999999998,162.16698248499998
2017-05-22,225.11033999999998,162.71000596
2017-05-23,224.22581999999997,162.72236747
2017-05-24,223.95365999999999,163.080263476
2017-05-25,226.27835999999996,165.06722603999998
2017-05-26,227.55977999999996,164.45015596
2017-05-29,227.55977999999996,164.45015596
2017-05-30,229.56695999999997,164.05522440599998
2017-05-31,231.86897999999997,164.12928519
2017-06-01,231.73289999999997,164.696981414
2017-06-02,234.39779999999996,165.41279404999997
2017-06-05,233.85348,164.74635527
2017-06-06,232.93493999999998,163.82075015
2017-06-07,232.48133999999996,163.79606579999998
2017-06-08,233.53596,164.820401875
2017-06-09,234.65861999999998,165.11658185000002
2017-06-12,235.18025999999998,164.46247879999999
2017-06-13,237.13074,165.85708657
2017-06-14,238.15133999999998,165.67196039
2017-06-15,239.60285999999996,165.95582396999998
2017-06-16,241.81416,166.15328588
2017-06-19,241.95023999999998,167.64660526999998
2017-06-20,241.95023999999998,166.498841
2017-06-21,241.38324,165.68429612
2017-06-22,240.65747999999996,165.46216274999998
2017-06-23,241.4286,165.36343824
2017-06-26,241.09974,165.69664473999998
2017-06-27,237.89051999999998,164.05522440599998
2017-06-28,238.84308,165.338741
2017-06-29,235.70189999999997,163.30240458
2017-06-30,236.08745999999996,164.49952466
2017-07-03,237.94722,165.01788312
2017-07-04,237.94722,165.01788312
2017-07-05,237.86783999999997,165.12895625
2017-07-06,235.89468,164.59824917
2017-07-07,237.67505999999997,165.52385429
2017-07-10,238.69565999999998,166.22733893
2017-07-11,237.75444,165.64727604
2017-07-12,239.61419999999998,166.32606344
2017-07-13,239.37606,167.01717368
2017-07-14,240.14718,167.63425664999997
2017-07-17,240.04512,166.9307849
2017-07-18,239.62553999999997,166.84440901
2017-07-19,240.52139999999997,168.02918047
2017-07-20,240.91829999999996,166.54819680999998
2017-07-21,239.45543999999998,168.27602396999998
2017-07-24,238.14,169.95445665
2017-07-25,226.10825999999997,169.38674238000002
2017-07-26,225.70002,170.91709474
2017-07-27,226.8567,169.05352299
2017-07-28,226.48247999999998,168.81904099999997
2017-07-31,228.12677999999997,167.99216038999998
2017-08-01,230.40612,169.09054307
2017-08-02,232.93493999999998,171.20093253999997
2017-08-03,235.44107999999997,172.23762367999998
2017-08-04,235.4751,172.83000941
2017-08-07,235.23695999999998,171.49714473999998
2017-08-08,234.09161999999998,171.139241
2017-08-09,234.14831999999996,171.54650055
2017-08-10,233.86481999999998,169.37441953999996
2017-08-11,233.58131999999998,168.57221039
2017-08-14,235.15758,170.64557978
2017-08-15,234.94212,169.59655290999999
2017-08-16,235.78127999999995,170.41111067999998
2017-08-17,232.86689999999996,167.65894099999997
2017-08-18,230.80301999999998,166.54819680999998
2017-08-21,231.9597,167.31338587999997
2017-08-22,232.99164,168.95478559
2017-08-23,229.82777999999996,168.35005124
2017-08-24,229.20407999999998,168.51050596
2017-08-25,229.21541999999997,168.85608685999998
2017-08-28,229.58963999999997,168.9177784
2017-08-29,230.11127999999997,169.85571924999996
2017-08-30,230.98445999999998,170.3617162
2017-08-31,231.69887999999997,170.64557978
2017-09-01,230.83703999999997,169.85571924999996
2017-09-04,230.83703999999997,169.85571924999996
2017-09-05,227.91131999999996,168.47346009999998
2017-09-06,229.1247,168.52284169
2017-09-07,231.85763999999998,169.17694473999998
2017-09-08,233.25245999999999,169.78169198
2017-09-11,237.64103999999998,171.54650055
2017-09-12,237.73175999999995,171.15156384
2017-09-13,237.56166,170.18895152999997
2017-09-14,239.76162,169.33737367999998
2017-09-15,241.93889999999996,171.48479612
2017-09-18,242.40383999999997,169.90508795
2017-09-19,242.17703999999998,170.00382534999997
2017-09-20,238.71833999999996,171.16392535
2017-09-21,238.63895999999997,173.8420162
2017-09-22,239.00183999999996,174.94042466
2017-09-25,238.96781999999996,173.78029887999998
2017-09-26,239.30801999999997,173.07686579999998
2017-09-27,237.55031999999997,172.24997229999997
2017-09-28,237.62969999999999,173.49646108
2017-09-29,238.02659999999997,174.92807603999998
2017-10-02,241.26983999999996,176.06347879999998
2017-10-03,243.32237999999998,176.07581453
2017-10-04,245.53367999999998,175.9277471
2017-10-05,245.36357999999998,176.56950153
2017-10-06,245.53367999999998,177.24826314999999
2017-10-09,245.71511999999998,177.22359169
2017-10-10,245.79449999999997,176.86568794999997
2017-10-11,245.52233999999996,176.13753185
2017-10-12,246.74705999999998,176.71758185000002
2017-10-13,246.89448,176.93971521999998
2017-10-16,248.02847999999997,177.40869209
2017-10-17,246.92849999999999,177.01376826999999
2017-10-18,247.51818,177.02611688999997
2017-10-19,248.61816,177.24826314999999
2017-10-20,250.97687999999997,179.38333697
2017-10-23,251.2377,180.08680871999996
2017-10-24,266.0931,180.33362644
2017-10-25,269.52912,180.1731975
2017-10-26,264.15396,179.98807132
2017-10-27,266.19516,180.43236383999997
2017-10-30,261.97668,178.50710055
2017-10-31,261.03546,177.91472770999997
2017-11-01,261.02412,178.86499139999998
2017-11-02,263.34882,179.45739002
2017-11-03,263.33747999999997,178.9143601
2017-11-06,261.17154,179.6918849
2017-11-07,260.87669999999997,181.38265331
2017-11-08,260.62721999999997,181.24689582999997
2017-11-09,258.99425999999994,179.49443588
2017-11-10,257.9283,179.87699819
2017-11-13,258.80147999999997,181.07413115999998
2017-11-14,260.06022,181.8146101
2017-11-15,257.8716,180.64217437
2017-11-16,260.16227999999995,181.27160596
2017-11-17,260.09424,180.79028046999997
2017-11-20,262.50966,182.57978627999998
2017-11-21,265.45806,184.31993627999998
2017-11-22,262.61172,183.87564376
2017-11-23,262.61172,183.87564376
2017-11-24,262.38491999999997,184.70251148
2017-11-27,265.356,185.65280094999997
2017-11-28,267.20441999999997,188.5283666
2017-11-29,269.90333999999996,189.12079099999997
2017-11-30,275.72076,192.47765636
2017-12-01,273.4641,190.55238018
2017-12-04,271.32084,189.77488115999998
2017-12-05,270.18683999999996,188.89863185
2017-12-06,270.65178,188.8245788
2017-12-07,272.5002,189.17013392
2017-12-08,270.03941999999995,189.63912367999998
2017-12-11,271.3662,189.08377091999998
2017-12-12,268.28172,189.73784819
2017-12-13,271.15074,192.28018156
2017-12-14,269.98272,189.10841659999997
2017-12-15,269.892,190.367254
2017-12-18,270.36827999999997,190.78687505999997
2017-12-19,270.33426,190.19447644
2017-12-20,268.66727999999995,190.95963973
2017-12-21,266.24052,189.71316384
2017-12-22,266.18381999999997,189.42932603999998
2017-12-25,266.18381999999997,189.42932603999998
2017-12-26,267.0003,189.76253254
2017-12-27,267.85079999999994,189.99700164
2017-12-28,267.30647999999997,190.2191479
2017-12-29,266.90958,189.26887132
2018-01-01,266.90958,189.26887132
2018-01-02,267.21575999999993,189.70082811
2018-01-03,267.20441999999997,188.13345567000002
2018-01-04,270.69714,190.67580192999998
2018-01-05,272.80638,192.00867948999996
2018-01-08,271.92186,190.97201413
2018-01-09,273.61152,192.5393479
2018-01-10,273.45275999999996,193.87223834999998
2018-01-11,274.77954,194.89658086999998
2018-01-12,277.22898,196.3158601
2018-01-15,277.22898,196.3158601
2018-01-16,277.53515999999996,194.85956079
2018-01-17,281.35674,195.50132811
2018-01-18,278.86193999999995,194.72379041999997
2018-01-19,281.43611999999996,195.84688323
2018-01-22,280.4382,195.66174415999998
2018-01-23,279.31554,196.95758875
2018-01-24,280.88045999999997,197.42659139999998
2018-01-25,286.17624,199.73444278
2018-01-26,293.28641999999996,203.62198944
2018-01-29,290.31533999999994,199.27778874999998
2018-01-30,285.24636,196.19243835
2018-01-31,284.06699999999995,197.05635193
2018-02-01,281.16396,197.0316418
2018-02-02,278.02277999999995,193.32920843
2018-02-05,262.45295999999996,185.33194307
2018-02-06,264.93642,186.84993391999998
2018-02-07,264.43746,186.59075469
2018-02-08,252.75725999999997,180.21023047
2018-02-09,255.38814,182.53041758
2018-02-12,259.90146,184.46804237999999
2018-02-13,262.36224,183.27089651999998
2018-02-14,263.08799999999997,185.5911223
2018-02-15,266.34258,189.34292437
2018-02-16,268.38377999999994,190.09573903999998
2018-02-19,268.38377999999994,190.09573903999998
2018-02-20,266.56937999999997,190.47832712999997
2018-02-21,263.29212,190.12043627999998
2018-02-22,267.62399999999997,189.20716689
2018-02-23,268.78067999999996,191.44096521999998
2018-02-26,276.85475999999994,193.14409514
2018-02-27,273.04452,189.95998155999996
2018-02-28,267.06834,186.49204307
2018-03-01,262.33956,181.67886551
2018-03-02,261.23958,182.82661688999997
2018-03-05,264.00654,183.28324514
2018-03-06,264.97044,184.29525192999998
2018-03-07,267.13638,185.62812949
2018-03-08,268.00955999999996,186.64012338999999
2018-03-09,273.69089999999994,190.31788529999997
2018-03-12,271.9332,187.87428932999998
2018-03-13,269.40437999999995,186.97334278
2018-03-14,265.68485999999996,185.64046521999998
2018-03-15,267.47657999999996,186.44268726
2018-03-16,269.00748,187.3188979
2018-03-19,262.58903999999995,185.36896314999998
2018-03-20,263.59829999999994,185.71451826999999
2018-03-21,265.51475999999997,186.80057811
2018-03-22,253.07477999999998,181.27160596
2018-03-23,244.21823999999998,176.82866786999998
2018-03-26,249.75215999999998,181.34563323
2018-03-27,244.79657999999998,178.13684819
2018-03-28,245.55635999999996,176.80397062999998
2018-03-29,248.93568,178.34667161
2018-03-30,248.93568,178.34667161
2018-04-02,241.11108,175.77962810999998
2018-04-03,245.31822,178.03812367999998
2018-04-04,246.71303999999998,178.75393116
2018-04-05,247.97177999999997,180.67918156
2018-04-06,240.6915,176.1622162
2018-04-09,241.32654,176.27330222
2018-04-10,246.05531999999997,179.72890497999998
2018-04-11,243.05022,178.06279514
2018-04-12,245.42027999999996,180.76559611999997
2018-04-13,244.39968,180.33362644
2018-04-16,246.87179999999995,181.11115123999997
2018-04-17,249.58205999999998,183.51774001999996
2018-04-18,248.93568,184.34460774
2018-04-19,248.17589999999998,182.81429404999997
2018-04-20,246.92849999999999,185.82560429
2018-04-23,244.80791999999997,183.41900262
2018-04-24,228.08141999999998,181.69118835
2018-04-25,225.48456,181.49373933
2018-04-26,223.50006,181.17286856
2018-04-27,222.40007999999997,181.33328461
2018-04-30,220.43825999999996,178.55645635999997
2018-05-01,221.15268,178.34667161
2018-05-02,220.563,176.45840262
2018-05-03,221.90112,176.92737949
2018-05-04,226.07424,177.58148254
2018-05-07,227.09483999999998,177.91472770999997
2018-05-08,228.77316,178.00109070999997
2018-05-09,230.67827999999997,179.80297092
2018-05-10,232.50401999999997,181.78995153
2018-05-11,232.65143999999998,181.86397879999998
2018-05-14,233.33183999999997,181.78995153
2018-05-15,229.53293999999997,181.85165596000002
2018-05-16,227.03814,182.09847367999998
2018-05-17,227.20824,181.56776659999997
2018-05-18,225.62063999999998,183.0734475
2018-05-21,228.79583999999997,185.726854
2018-05-22,225.63197999999997,186.19584375999997
2018-05-23,225.29177999999996,186.75120940999997
2018-05-24,226.13093999999998,186.45502299
2018-05-25,225.70002,185.93667742
2018-05-28,225.70002,185.93667742
2018-05-29,221.96916,182.90065704999998
2018-05-30,225.30311999999998,185.66514956999998
2018-05-31,223.65881999999996,182.5427662
2018-06-01,226.33505999999997,185.23320567000002
2018-06-04,228.00204,185.29491009999998
2018-06-05,228.16079999999997,184.96169071
2018-06-06,231.17723999999998,186.35628559
2018-06-07,232.54937999999999,187.70149887999997
2018-06-08,234.27306,187.41763529999997
2018-06-11,232.60608,187.42997103
2018-06-12,232.37927999999997,187.91130940999997
2018-06-13,232.34525999999997,187.38062810999998
2018-06-14,230.91642,186.60311620000002
2018-06-15,232.43597999999997,185.40598323
2018-06-18,231.52877999999995,185.06041522
2018-06-19,226.10825999999997,181.76524139999998
2018-06-20,224.62272,180.85195911999998
2018-06-21,221.71967999999998,177.68021993999997
2018-06-22,222.831,177.71724001999996
2018-06-25,222.03719999999998,177.76660872
2018-06-26,222.92172,177.72958864
2018-06-27,221.03927999999996,176.65587741999997
2018-06-28,222.22997999999998,176.64355458
2018-06-29,223.08047999999997,177.77895734
2018-07-02,221.71967999999998,178.71691108
2018-07-03,222.07121999999998,178.87735290999998
2018-07-04,222.07121999999998,178.87735290999998
2018-07-05,223.78356,178.85266855999998
2018-07-06,223.91964,179.839991
2018-07-09,227.40102,181.93801895999997
2018-07-10,228.47831999999997,182.70319514
2018-07-11,224.16912,178.35900733999998
2018-07-12,226.02887999999996,182.51808185000002
2018-07-13,228.13812,182.03676925
2018-07-16,228.05874,180.67918156
2018-07-17,229.14737999999997,183.25858657
2018-07-18,229.29479999999995,184.07309278
2018-07-19,228.61439999999996,182.08612505999997
2018-07-20,229.01129999999998,188.98500774000001
2018-07-23,225.48456,189.68847949
2018-07-24,227.57111999999998,191.49033391999998
2018-07-25,231.76691999999997,195.02000261999999
2018-07-26,235.82664,196.37753874999999
2018-07-27,235.21427999999997,196.6490666
2018-07-30,232.60608,193.66241492999998
2018-07-31,240.77087999999998,197.0316418
2018-08-01,234.79469999999998,193.62539485
2018-08-02,233.07101999999998,192.40361620000002
2018-08-03,235.06685999999996,191.34221493
2018-08-06,234.39779999999996,191.25585193
2018-08-07,236.51837999999998,192.9712918
2018-08-08,234.89675999999997,191.53970262
2018-08-09,232.22052,190.00935026
2018-08-10,229.02264,188.93563903999998
2018-08-13,226.61855999999997,188.02236965
2018-08-14,227.38968,190.2191479
2018-08-15,228.37625999999997,189.04671216999998
2018-08-16,230.3721,190.18214071
2018-08-17,232.20918,191.50266964999997
2018-08-20,232.01639999999998,191.87293489999996
2018-08-21,233.25245999999999,193.73649375999997
2018-08-22,231.63083999999998,192.68746688999997
2018-08-23,229.91849999999997,194.88424514
2018-08-24,232.79885999999996,194.39058391999998
2018-08-27,236.24622,196.66141522
2018-08-28,237.49362,197.58702033999998
2018-08-29,238.66163999999998,197.83386383999996
2018-08-30,238.38947999999996,196.78482407999996
2018-08-31,239.18327999999997,196.3034857
2018-09-03,239.18327999999997,196.3034857
2018-09-04,236.55239999999998,197.01930607
2018-09-05,240.21522,199.67272545999998
2018-09-06,241.24715999999998,202.41250785
2018-09-07,241.05437999999998,200.93156285999999
2018-09-10,241.46262,201.62268599
2018-09-11,240.15851999999998,201.2400979
2018-09-12,234.40913999999998,202.26445330999996
2018-09-13,237.06269999999998,204.51060026
2018-09-14,235.73591999999996,203.77009553999997
2018-09-17,237.60701999999998,204.55996896
2018-09-18,239.87501999999998,205.04128156
2018-09-19,241.67808,204.62166049999996
2018-09-20,244.11617999999999,205.53491699999998
2018-09-21,245.31822,206.52223944
2018-09-24,242.12033999999997,204.20206521999998
2018-09-25,238.86575999999997,204.32546119
2018-09-26,239.35337999999996,204.57227890999997
2018-09-27,238.26474,204.07864346999997
2018-09-28,238.94513999999998,205.36212655
2018-10-01,240.62345999999997,207.72093209999997
2018-10-02,244.61514,207.20922488
2018-10-03,244.67183999999997,206.39801850999999
2018-10-04,242.49455999999998,205.56184421
2018-10-05,241.75745999999998,204.76310246999998
2018-10-08,243.09557999999998,205.74905857000002
2018-10-09,238.61627999999996,200.85678797
2018-10-10,229.23809999999997,195.46533923
2018-10-11,223.09181999999996,191.72125827
2018-10-12,224.79281999999998,194.94116738
2018-10-15,225.59795999999997,194.95365779
2018-10-16,229.44222,199.13451639999997
2018-10-17,230.12261999999998,197.24999839999998
2018-10-18,227.23091999999997,193.68066717
2018-10-19,226.62989999999996,191.53405679999997
2018-10-22,228.34224,190.46075806
2018-10-23,218.3517,187.95224805
2018-10-24,209.26835999999997,181.38762885
2018-10-25,209.77866,184.05841106999998
2018-10-26,209.73329999999996,182.2612486
2018-10-29,210.68585999999996,181.82634
2018-10-30,215.24453999999997,184.27544
2018-10-31,215.75483999999997,186.67297999999997
2018-11-01,217.97747999999999,186.19604999999999
2018-11-02,218.64654,187.52371999999997
2018-11-05,219.14549999999997,189.71502
2018-11-06,221.4702,191.35204999999996
2018-11-07,228.26285999999996,193.60779999999997
2018-11-08,231.41537999999997,194.05895
2018-11-09,228.04739999999998,193.76247999999998
2018-11-12,223.44335999999998,190.93956999999997
2018-11-13,224.95157999999998,190.35952
2018-11-14,224.60003999999998,190.16617
2018-11-15,232.36793999999998,190.47553
2018-11-16,237.00599999999997,191.48095
2018-11-19,233.12771999999998,190.08882999999997
2018-11-20,227.37833999999998,185.68045
2018-11-21,225.31445999999997,185.74489999999997
2018-11-22,225.31445999999997,185.74489999999997
2018-11-23,223.1712,184.66213999999997
2018-11-26,226.64123999999998,184.61058
2018-11-27,227.58245999999997,184.18520999999998
2018-11-28,231.72155999999998,186.0027
2018-11-29,231.97104,187.85886
2018-11-30,235.78127999999995,189.16074999999998
2018-12-03,236.73383999999996,192.03521999999998
2018-12-04,229.29479999999995,183.91452
2018-12-05,229.29479999999995,183.91452
2018-12-06,229.83911999999998,182.47083999999998
2018-12-07,224.80416,178.79719
2018-12-10,224.89487999999997,177.81754999999998
2018-12-11,223.91964,176.34808999999998
2018-12-12,226.58453999999998,178.25580999999997
2018-12-13,229.21541999999997,178.93898
2018-12-14,222.37739999999997,175.87115999999997
2018-12-17,218.65787999999998,173.21581999999998
2018-12-18,220.63103999999998,174.24702
2018-12-19,215.41464,171.77213999999998
2018-12-20,212.48891999999998,168.43362999999997
2018-12-21,208.37249999999997,166.84815999999998
2018-12-24,202.55507999999998,160.90587
2018-12-25,202.55507999999998,160.90587
2018-12-26,211.21883999999997,167.01573
2018-12-27,216.25379999999996,169.59373
2018-12-28,214.74558,168.54963999999998
2018-12-31,216.07235999999997,170.30268
